name,hex,link
Abricot,#e67e30,https://fr.wikipedia.org/wiki/Abricot_(couleur)
Absinthe,#7fdd4c,https://fr.wiktionary.org/wiki/absinthe
Acajou,#88421d,https://fr.wikipedia.org/wiki/Acajou_(couleur)
Acapulco,#008897,https://www.duluxvalentine.com/fr/couleurs
Acier,#6c6c6c,https://www.deleze.name/marcel/photo/noms-couleurs/454-couleurs.php
Acier Brossé,#9e9f9e,https://www.duluxvalentine.com/fr/couleurs
Aigue-Marine,#79f8f8,https://fr.wikipedia.org/wiki/Aigue-marine_(couleur)
Aigue-Marine Bleue,#acd8e2,https://www.deleze.name/marcel/photo/noms-couleurs/454-couleurs.php
Aiguilles de Pin,#a09e64,https://www.duluxvalentine.com/fr/couleurs
Aile de Corbeau,#000000,https://fr.wikipedia.org/wiki/Cheveux_noirs
Air Marin,#c5e8ed,https://www.deleze.name/marcel/photo/noms-couleurs/454-couleurs.php
Albâtre,#fefefe,https://fr.wikipedia.org/wiki/Alb%C3%A2tre
Alezan,#a76726,https://fr.wikipedia.org/wiki/Alezan
Alizarine,#d90115,https://fr.wikipedia.org/wiki/Alizarine
Aluminium,#9fa09f,https://www.duluxvalentine.com/fr/couleurs
Amande,#82c46c,https://fr.wiktionary.org/wiki/amande
Amande Douce,#d9dcb8,https://www.duluxvalentine.com/fr/couleurs
Amarante,#91283b,https://fr.wikipedia.org/wiki/Amarante_(couleur)
Ambre,#f0c300,https://fr.wikipedia.org/wiki/Ambre_(couleur)
Ambre Jaune,#f1c401,https://fr.wiktionary.org/wiki/ambre_jaune
Ambre Rouge,#ad390e,https://fr.wiktionary.org/wiki/ambre_rouge
Améthyste,#884da7,https://fr.wikipedia.org/wiki/Améthyste_(couleur)
Améthyste Violette,#a3638b,https://www.deleze.name/marcel/photo/noms-couleurs/454-couleurs.php
Anis,#9fe855,https://fr.wikipedia.org/wiki/Anis_vert
Anthracite,#303030,https://fr.wikipedia.org/wiki/Anthracite_(couleur)
Aquilain,#ad4f09,https://fr.wiktionary.org/wiki/aquilain
Ardoise,#5a5e6b,https://fr.wiktionary.org/wiki/ardoise
Ardoise Grise,#455c71,https://www.deleze.name/marcel/photo/noms-couleurs/454-couleurs.php
Argent,#c0c0c0,https://fr.wikipedia.org/wiki/Gris
Argile,#efefef,https://fr.wikipedia.org/wiki/Argile#Couleurs
Argile Grise,#9d978f,https://www.duluxvalentine.com/fr/couleurs
Asperge,#7ba05b,https://fr.wikipedia.org/wiki/Asperge
Aube Rose,#eeaa9b,https://www.deleze.name/marcel/photo/noms-couleurs/454-couleurs.php
Aubergine,#370028,https://fr.wikipedia.org/wiki/Aubergine_(couleur)
Auburn,#9d3e0c,https://fr.wikipedia.org/wiki/Auburn_(couleur)
Aurore,#ffcb60,https://fr.wikipedia.org/wiki/Aurore_(couleur)
Auréoline,#efd242,https://fr.wikipedia.org/wiki/Jaune_de_cobalt
Avocat,#568203,https://fr.wiktionary.org/wiki/avocat
Azur,#007fff,https://fr.wikipedia.org/wiki/Azur_(couleur)
Azur Brume,#f0ffff,https://fr.wikipedia.org/wiki/Azur_(couleur)#Variantes_de_teintes
Azur Clair,#74d0f1,https://fr.wikipedia.org/wiki/Azur_(couleur)
Azurin,#a9eafe,https://fr.wikipedia.org/wiki/Azur_(couleur)
Azuré,#f1fefe,https://fr.wikipedia.org/wiki/Azur_(couleur)
Baby Doll,#e6c8dd,https://www.duluxvalentine.com/fr/couleurs
Badiane,#7e6b42,https://www.deleze.name/marcel/photo/noms-couleurs/454-couleurs.php
Baies Roses,#e36d6d,https://www.deleze.name/marcel/photo/noms-couleurs/454-couleurs.php
Baillet,#ae642d,https://fr.wiktionary.org/wiki/baillet
Banane,#d1b606,https://fr.wiktionary.org/wiki/banane
Banquise Bleue,#5ba3b3,https://www.deleze.name/marcel/photo/noms-couleurs/454-couleurs.php
Barbeau,#5472ae,https://fr.wikipedia.org/wiki/Bleu_bleuet
Basané,#8b6c42,https://fr.wikipedia.org/wiki/Basan%C3%A9_(couleur)
Beige,#c8ad7f,https://fr.wikipedia.org/wiki/Beige
Beige Cachemire,#ffe2cf,https://www.deleze.name/marcel/photo/noms-couleurs/454-couleurs.php
Beige Flanelle,#e3d8cc,https://www.deleze.name/marcel/photo/noms-couleurs/454-couleurs.php
Beige Foncé,#c48e70,https://www.deleze.name/marcel/photo/noms-couleurs/454-couleurs.php
Beige Nude,#d6c2b7,https://www.duluxvalentine.com/fr/couleurs
Beige Rosé,#f7cbbf,https://www.deleze.name/marcel/photo/noms-couleurs/454-couleurs.php
Beigeasse,#afa77b,https://fr.wiktionary.org/wiki/beigeasse
Bergamote,#cbc5b1,https://www.duluxvalentine.com/fr/couleurs
Bermudes,#7fcadb,https://www.duluxvalentine.com/fr/couleurs
Beurre,#f0e36b,https://fr.wikipedia.org/wiki/Beurre_(couleur)
Beurre Frais,#fff48d,https://fr.wikipedia.org/wiki/Beurre_(couleur)
Bis,#766f64,https://fr.wikipedia.org/wiki/Bis_(couleur)
Biscuit,#dfccb1,https://www.duluxvalentine.com/fr/couleurs
Bismarck,#4d2009,https://fr.wikipedia.org/wiki/Brun_Bismarck
Bisque,#ffe4c4,https://fr.wiktionary.org/wiki/bisque
Bistre,#3d2b1f,https://fr.wikipedia.org/wiki/Bistre_(couleur)
Bitume,#4e3d28,https://influenz.design/mag/bitume
Blanc,#ffffff,https://influenz.design/mag/blanc
Blanc Argent,#d9dedf,https://www.duluxvalentine.com/fr/couleurs
Blanc Brume,#f6f6f0,https://www.duluxvalentine.com/fr/couleurs
Blanc Cassé,#fefee2,https://fr.wikipedia.org/wiki/Blanc_cass%C3%A9
Blanc Coton,#f3f2ec,https://www.duluxvalentine.com/fr/couleurs
Blanc Craie,#eeebe1,https://www.duluxvalentine.com/fr/couleurs
Blanc Crème,#fdf1b8,https://fr.wiktionary.org/w/index.php?title=blanc_cr%C3%A8me&action=edit&redlink=1
Blanc Gris,#cdc1af,https://www.duluxvalentine.com/fr/couleurs
Blanc Infini,#f6f2e5,https://www.duluxvalentine.com/fr/couleurs
Blanc Intense,#e8e8e5,https://www.duluxvalentine.com/fr/couleurs
Blanc Lumière,#ffffff,https://www.deleze.name/marcel/photo/noms-couleurs/454-couleurs.php
Blanc Lunaire,#f4fefe,https://fr.wikipedia.org/wiki/Blanc_lunaire
Blanc Nacre,#f6f6f6,https://www.papeteries-montsegur.com/
Blanc Neige,#f1ede1,https://www.duluxvalentine.com/fr/couleurs
Blanc Platine,#f5ebd4,https://www.duluxvalentine.com/fr/couleurs
Blanc Pur,#f0eee4,https://www.duluxvalentine.com/fr/couleurs
Blanc d'Ail,#faf6f0,https://www.deleze.name/marcel/photo/noms-couleurs/454-couleurs.php
Blanc d'Argent,#ffffff,https://fr.wikipedia.org/wiki/C%C3%A9ruse
Blanc d'Espagne,#fefdf0,https://fr.wiktionary.org/wiki/blanc_d%E2%80%99Espagne
Blanc de Blanc,#f4f3ed,https://www.duluxvalentine.com/fr/couleurs
Blanc de Céruse,#fdfdfd,https://fr.wiktionary.org/wiki/blanc_de_c%C3%A9ruse
Blanc de Lait,#fbfcfa,https://fr.wikipedia.org/wiki/Lait#Symbolique_et_usages_d%C3%A9riv%C3%A9s
Blanc de Meudon,#fffef1,https://fr.wikipedia.org/wiki/Blanc_de_Meudon
Blanc de Plomb,#fcfcfc,https://fr.wikipedia.org/wiki/C%C3%A9ruse
Blanc de Saturne,#fbfbfb,https://fr.wikipedia.org/wiki/C%C3%A9ruse
Blanc de Troyes,#fefff2,https://fr.wikipedia.org/wiki/Blanc_de_Meudon
Blanc de Zinc,#f6fefe,https://fr.wikipedia.org/wiki/Oxyde_de_zinc
Blanc-Bleu,#fafafa,https://fr.wiktionary.org/wiki/blanc-bleu
Blet,#5b3c11,https://fr.wiktionary.org/wiki/blet
Bleu,#0040d0,https://influenz.design/mag/bleu
Bleu Acier,#1a2b3c,https://fr.wikipedia.org/wiki/Bleu_acier
Bleu Aqua,#b9d3d1,https://www.duluxvalentine.com/fr/couleurs
Bleu Arctique,#aae1ee,https://www.papeteries-montsegur.com/
Bleu Ardoise,#686f8c,https://fr.wiktionary.org/w/index.php?title=bleu_ardoise&action=edit&redlink=1
Bleu Azur,#1e7fcb,https://fr.wiktionary.org/w/index.php?title=bleu_azur&action=edit&redlink=1
Bleu Barbeau,#5573af,https://fr.wiktionary.org/wiki/bleu_barbeau
Bleu Bleuet,#5674b0,https://fr.wiktionary.org/wiki/bleu_bleuet
Bleu Breton,#1d6697,https://www.duluxvalentine.com/fr/couleurs
Bleu Canard,#048b9a,https://fr.wikipedia.org/wiki/Bleu_canard
Bleu Caraïbes,#2696b6,https://www.deleze.name/marcel/photo/noms-couleurs/454-couleurs.php
Bleu Chardon,#5c7294,https://www.deleze.name/marcel/photo/noms-couleurs/454-couleurs.php
Bleu Charrette,#8ea2c6,https://fr.wikipedia.org/wiki/Bleu_charrette
Bleu Charron,#8fa3c7,https://fr.wiktionary.org/wiki/bleu_charron
Bleu Ciel,#007cb0,https://fr.wikipedia.org/wiki/Bleu_ciel
Bleu Clair de Lune,#dbe2e9,https://www.deleze.name/marcel/photo/noms-couleurs/454-couleurs.php
Bleu Cobalt,#22427c,https://fr.wikipedia.org/wiki/Bleu_de_cobalt#Couleur_bleu_cobalt
Bleu Céleste,#26c4ec,https://fr.wikipedia.org/wiki/C%C3%A6ruleum
Bleu Cérule,#357ab7,https://fr.wiktionary.org/w/index.php?title=bleu_c%C3%A9rule&action=edit&redlink=1
Bleu Céruléen,#367bb8,https://fr.wiktionary.org/w/index.php?title=bleu_c%C3%A9rul%C3%A9en&action=edit&redlink=1
Bleu Denim,#1560bd,https://fr.wikipedia.org/wiki/Indigo#Nuanciers
Bleu Doux,#bbc3d9,https://www.deleze.name/marcel/photo/noms-couleurs/454-couleurs.php
Bleu Dragée,#dff2ff,https://fr.wikipedia.org/wiki/Rose_drag%C3%A9e
Bleu Egyptien,#1034a6,https://fr.wikipedia.org/wiki/Bleu_%C3%A9gyptien
Bleu Electrique,#2c75ff,https://fr.wikipedia.org/wiki/Bleu_%C3%A9lectrique
Bleu Fjord,#3d95a5,https://www.deleze.name/marcel/photo/noms-couleurs/454-couleurs.php
Bleu Frais,#92b8dc,https://www.duluxvalentine.com/fr/couleurs
Bleu France,#318ce7,https://fr.wiktionary.org/wiki/bleu_France
Bleu Fumée,#bbd2e1,https://fr.wikipedia.org/wiki/Fum%C3%A9e_(couleur)
Bleu Gauloise,#a1c2d7,https://www.deleze.name/marcel/photo/noms-couleurs/454-couleurs.php
Bleu Gentiane,#4781a5,https://www.deleze.name/marcel/photo/noms-couleurs/454-couleurs.php
Bleu Givré,#80d0d0,https://fr.wikipedia.org/wiki/Bleu_givr%C3%A9
Bleu Glacier,#d3d7ed,https://www.deleze.name/marcel/photo/noms-couleurs/454-couleurs.php
Bleu Gris,#6a859e,https://www.deleze.name/marcel/photo/noms-couleurs/454-couleurs.php
Bleu Guède,#56739a,https://fr.wiktionary.org/w/index.php?title=bleu_gu%C3%A8de&action=edit&redlink=1
Bleu Horizon,#7f8fa6,https://fr.wikipedia.org/wiki/Bleu_horizon
Bleu Hortensia,#b7bfdd,https://www.deleze.name/marcel/photo/noms-couleurs/454-couleurs.php
Bleu Hussard,#24445c,https://fr.wiktionary.org/w/index.php?title=bleu_hussard&action=edit&redlink=1
Bleu Igloo,#cddfed,https://www.deleze.name/marcel/photo/noms-couleurs/454-couleurs.php
Bleu Indien,#96d6dd,https://www.duluxvalentine.com/fr/couleurs
Bleu Indigo,#253b73,https://www.deleze.name/marcel/photo/noms-couleurs/454-couleurs.php
Bleu Jean,#6794a5,https://www.duluxvalentine.com/fr/couleurs
Bleu Klein,#002fa7,https://fr.wikipedia.org/wiki/International_Klein_Blue
Bleu Lagon,#8bd6d3,https://www.duluxvalentine.com/fr/couleurs
Bleu Lavande,#9683ec,https://fr.wiktionary.org/w/index.php?title=bleu_lavande&action=edit&redlink=1
Bleu Layette,#8f9cc1,https://www.deleze.name/marcel/photo/noms-couleurs/454-couleurs.php
Bleu Majorelle,#6050dc,https://fr.wikipedia.org/wiki/Bleu_Majorelle
Bleu Marine,#000080,https://fr.wikipedia.org/wiki/Bleu_marine
Bleu Marmara,#2676ad,https://www.duluxvalentine.com/fr/couleurs
Bleu Maya,#73c2fb,https://fr.wikipedia.org/wiki/Bleu_maya
Bleu Minuit,#003366,https://fr.wikipedia.org/wiki/Bleu_nuit
Bleu Minéral,#25455d,https://fr.wikipedia.org/wiki/Bleu_min%C3%A9ral
Bleu Myosotis,#bddded,https://www.deleze.name/marcel/photo/noms-couleurs/454-couleurs.php
Bleu Myrtille,#213063,https://www.deleze.name/marcel/photo/noms-couleurs/454-couleurs.php
Bleu Méditerranée,#7b8eab,https://www.deleze.name/marcel/photo/noms-couleurs/454-couleurs.php
Bleu Nattier,#4f93a7,https://www.deleze.name/marcel/photo/noms-couleurs/454-couleurs.php
Bleu Navajo,#06e3e6,https://www.deleze.name/marcel/photo/noms-couleurs/454-couleurs.php
Bleu Nuit,#0f056b,https://fr.wikipedia.org/wiki/Bleu_nuit
Bleu Océan,#396987,https://www.deleze.name/marcel/photo/noms-couleurs/454-couleurs.php
Bleu Orage,#999fb7,https://www.deleze.name/marcel/photo/noms-couleurs/454-couleurs.php
Bleu Outremer,#1b019b,https://fr.wikipedia.org/wiki/Bleu_outremer
Bleu Paon,#067790,https://fr.wikipedia.org/wiki/Bleu_paon
Bleu Pastel,#57749b,https://fr.wikipedia.org/wiki/Pastel_des_teinturiers
Bleu Persan,#458e9d,https://fr.wikipedia.org/wiki/Bleu_persan
Bleu Piscine,#14aad0,https://www.deleze.name/marcel/photo/noms-couleurs/454-couleurs.php
Bleu Polaire Foncé,#1c5066,https://www.deleze.name/marcel/photo/noms-couleurs/454-couleurs.php
Bleu Porcelaine Clair,#c7d1db,https://www.deleze.name/marcel/photo/noms-couleurs/454-couleurs.php
Bleu Provence,#6d8dbe,https://www.duluxvalentine.com/fr/couleurs
Bleu Pétrole,#1d4851,https://fr.wikipedia.org/wiki/Bleu_p%C3%A9trole_(couleur)
Bleu Pétrole Foncé,#384c5e,https://www.deleze.name/marcel/photo/noms-couleurs/454-couleurs.php
Bleu Radieux,#006083,https://www.duluxvalentine.com/fr/couleurs
Bleu Roi,#002366,https://fr.wikipedia.org/wiki/Bleu_roi
Bleu Roy,#328de8,https://fr.wiktionary.org/w/index.php?title=bleu_roy&action=edit&redlink=1
Bleu Rêveur,#b3dded,https://www.duluxvalentine.com/fr/couleurs
Bleu Saphir,#0131b4,https://fr.wikipedia.org/wiki/Bleu_saphir
Bleu Sarcelle,#008e8e,https://fr.wikipedia.org/wiki/Bleu_canard
Bleu Stone,#37465c,https://www.duluxvalentine.com/fr/couleurs
Bleu Sureau,#1b2853,https://www.deleze.name/marcel/photo/noms-couleurs/454-couleurs.php
Bleu Tendre,#94a8c6,https://www.deleze.name/marcel/photo/noms-couleurs/454-couleurs.php
Bleu Tiffany,#0abab5,https://fr.wikipedia.org/wiki/Bleu_Tiffany
Bleu Touareg,#6b9ebf,https://www.deleze.name/marcel/photo/noms-couleurs/454-couleurs.php
Bleu Turquin,#425b8a,https://fr.wikipedia.org/wiki/Bleu_turquin
Bleu Turquoise,#25fde9,https://fr.wikipedia.org/wiki/Turquoise_(couleur)
Bleu Verre,#76aab9,https://www.duluxvalentine.com/fr/couleurs
Bleu Vert,#99cfd9,https://www.deleze.name/marcel/photo/noms-couleurs/454-couleurs.php
Bleu d'Anvers,#26465e,https://fr.wiktionary.org/wiki/bleu_d%E2%80%99Anvers
Bleu d'Azur,#b8d2e6,https://www.deleze.name/marcel/photo/noms-couleurs/454-couleurs.php
Bleu d'Encre,#3b424c,https://www.duluxvalentine.com/fr/couleurs
Bleu de Berlin,#27475f,https://fr.wiktionary.org/w/index.php?title=bleu_de_Berlin&action=edit&redlink=1
Bleu de Bretagne,#00527e,https://www.duluxvalentine.com/fr/couleurs
Bleu de Chine,#555b7b,https://www.deleze.name/marcel/photo/noms-couleurs/454-couleurs.php
Bleu de Cobalt,#23437d,https://fr.wiktionary.org/wiki/bleu_de_cobalt
Bleu de Cæruleum,#007ba7,https://fr.wikipedia.org/wiki/C%C3%A6ruleum
Bleu de Delft,#5a8fb8,https://www.deleze.name/marcel/photo/noms-couleurs/454-couleurs.php
Bleu de France,#338ee9,https://fr.wikipedia.org/wiki/Bleu_de_France_(couleur)
Bleu de Minuit,#1e1e2f,https://github.com/meodai/noms-de-couleur/#authors-@meodai
Bleu de Perse,#488e9a,https://www.deleze.name/marcel/photo/noms-couleurs/454-couleurs.php
Bleu de Prusse,#284860,https://fr.wikipedia.org/wiki/Bleu_de_Prusse
Bleu de Sèvres,#11416d,https://www.deleze.name/marcel/photo/noms-couleurs/454-couleurs.php
Bleu des Mers du Sud,#00cccb,https://fr.wikipedia.org/wiki/Turquoise_(couleur)
Bleuet,#5775b1,https://fr.wikipedia.org/wiki/Bleu_bleuet
Blond,#e2bd74,https://fr.wikipedia.org/wiki/Cheveux_blonds
Blond Vénitien,#e7a854,https://fr.wikipedia.org/wiki/Blond_v%C3%A9nitien
Blue Note,#005b8e,https://www.duluxvalentine.com/fr/couleurs
Blush Rose,#f18787,https://www.deleze.name/marcel/photo/noms-couleurs/454-couleurs.php
Blé,#e8d630,https://fr.wikipedia.org/wiki/Bl%C3%A9_(couleur)
Bois Blanchi,#e7dfd3,https://www.duluxvalentine.com/fr/couleurs
Bois Foncé,#594937,https://www.deleze.name/marcel/photo/noms-couleurs/454-couleurs.php
Bois d'Acajou,#864831,https://www.duluxvalentine.com/fr/couleurs
Bois de Rose,#cc847c,https://www.deleze.name/marcel/photo/noms-couleurs/454-couleurs.php
Bois de Rose Foncé,#bc6c64,https://www.deleze.name/marcel/photo/noms-couleurs/454-couleurs.php
Bois de Violette,#785762,https://www.deleze.name/marcel/photo/noms-couleurs/454-couleurs.php
Bora Bora,#49b6ce,https://www.duluxvalentine.com/fr/couleurs
Bordeaux,#800000,https://fr.wikipedia.org/wiki/Bordeaux_(couleur)
Bougainvillée,#9b1359,https://www.deleze.name/marcel/photo/noms-couleurs/454-couleurs.php
Bouleau,#e7d6c1,https://www.deleze.name/marcel/photo/noms-couleurs/454-couleurs.php
Bourgeon Vert,#d8e498,https://www.deleze.name/marcel/photo/noms-couleurs/454-couleurs.php
Bourgogne,#6b0d0d,https://fr.wiktionary.org/wiki/bourgogne
Bouton d'or,#f6dc12,https://fr.wikipedia.org/wiki/Bouton_d%27or_(couleur)
Bouton de Rose,#ffc0cd,https://www.deleze.name/marcel/photo/noms-couleurs/454-couleurs.php
Brique,#842e1b,https://fr.wikipedia.org/wiki/Brique_(couleur)
Bronze,#614e1a,https://fr.wikipedia.org/wiki/Bronze_(couleur)
Brou de Noix,#3f2204,https://fr.wikipedia.org/wiki/Brou_de_noix
Brume de Mer Bleue,#e5fcfd,https://www.deleze.name/marcel/photo/noms-couleurs/454-couleurs.php
Brume de Rose,#d7cbd3,https://www.deleze.name/marcel/photo/noms-couleurs/454-couleurs.php
Brun,#5c3d12,https://influenz.design/mag/brun
Brun Cachemire,#9b8987,https://www.duluxvalentine.com/fr/couleurs
Brun Castor,#796047,https://www.deleze.name/marcel/photo/noms-couleurs/454-couleurs.php
Brun Châtaigne,#51332b,https://www.duluxvalentine.com/fr/couleurs
Brun Cigare,#985e33,https://www.deleze.name/marcel/photo/noms-couleurs/454-couleurs.php
Brun Normandie,#4b362b,https://www.duluxvalentine.com/fr/couleurs
Brun Palissandre,#82340a,https://www.deleze.name/marcel/photo/noms-couleurs/454-couleurs.php
Brun Racine,#675541,https://www.deleze.name/marcel/photo/noms-couleurs/454-couleurs.php
Brun Rosé,#964a3f,https://www.deleze.name/marcel/photo/noms-couleurs/454-couleurs.php
Brun Rouge,#984436,https://www.deleze.name/marcel/photo/noms-couleurs/454-couleurs.php
Brun Tomette,#a64510,https://www.deleze.name/marcel/photo/noms-couleurs/454-couleurs.php
Bruyère,#b7737f,https://www.deleze.name/marcel/photo/noms-couleurs/454-couleurs.php
Bureau,#6b5731,https://fr.wikipedia.org/wiki/Beige#Synonymes
Béton Gris,#bebcba,https://www.duluxvalentine.com/fr/couleurs
Bûche,#857873,https://www.duluxvalentine.com/fr/couleurs
Cabriolet,#af332e,https://www.duluxvalentine.com/fr/couleurs
Caca d'Oie,#cdcd0d,https://fr.wikipedia.org/wiki/Caca_d%27oie
Cacao,#614b3a,https://fr.wikipedia.org/wiki/Cacao_(couleur)
Cachou,#2f1b0c,https://fr.wikipedia.org/wiki/Cachou_(couleur)
Café,#462e01,https://fr.wikipedia.org/wiki/Caf%C3%A9_(couleur)
Café Frappé,#bfac9c,https://www.duluxvalentine.com/fr/couleurs
Café au Lait,#785e2f,https://fr.wikipedia.org/wiki/Caf%C3%A9_(couleur)#Histoire
Camel,#e4bb8e,https://www.deleze.name/marcel/photo/noms-couleurs/454-couleurs.php
Camomille,#f6dc98,https://www.deleze.name/marcel/photo/noms-couleurs/454-couleurs.php
Campagne Provençale Clair,#d1cfd3,https://www.duluxvalentine.com/fr/couleurs
Campagne Provençale Intense,#8c7f85,https://www.duluxvalentine.com/fr/couleurs
Campagne Provençale Moyen,#beb4b1,https://www.duluxvalentine.com/fr/couleurs
Campagne Provençale Pastel,#dbdbdd,https://www.duluxvalentine.com/fr/couleurs
Campagne Provençale Pâle,#e9e8e8,https://www.duluxvalentine.com/fr/couleurs
Campanule Bleue,#60678c,https://www.deleze.name/marcel/photo/noms-couleurs/454-couleurs.php
Canard,#3a5e67,https://www.duluxvalentine.com/fr/couleurs
Cannelle,#7e5835,https://fr.wikipedia.org/wiki/Cannelle_(couleur)
Cappuccino,#e4c39f,https://www.duluxvalentine.com/fr/couleurs
Capucine,#ff5e4d,https://fr.wikipedia.org/wiki/Capucine_(couleur)
Caramel,#7e3300,https://fr.wikipedia.org/wiki/Caramel_(couleur)
Caravane des Sables,#dad1c4,https://www.duluxvalentine.com/fr/couleurs
Carmin,#960018,https://fr.wikipedia.org/wiki/Carmin
Carmélite,#411f20,https://fr.wiktionary.org/wiki/carm%C3%A9lite
Carnation,#fec3ac,https://fr.wiktionary.org/wiki/carnation
Carné,#ffc4ad,https://fr.wiktionary.org/wiki/carn%C3%A9
Carotte,#f4661b,https://fr.wikipedia.org/wiki/Carotte_(couleur)
Cascade Bleue,#bce3e6,https://www.deleze.name/marcel/photo/noms-couleurs/454-couleurs.php
Cassis,#2c030b,https://fr.wikipedia.org/wiki/Cassis_(fruit)
Cendre Bleue,#7880a4,https://www.deleze.name/marcel/photo/noms-couleurs/454-couleurs.php
Cendre Verte,#abb197,https://www.deleze.name/marcel/photo/noms-couleurs/454-couleurs.php
Cendre de Rose,#b79da7,https://www.deleze.name/marcel/photo/noms-couleurs/454-couleurs.php
Cerise,#bb0b0b,https://fr.wiktionary.org/wiki/cerise
Cerise Griotte,#a53248,https://www.duluxvalentine.com/fr/couleurs
Chair,#fec5ae,https://fr.wikipedia.org/wiki/Incarnat
Chamallow,#fbcec4,https://www.duluxvalentine.com/fr/couleurs
Chamois,#d0c07a,https://fr.wikipedia.org/wiki/Chamois_(couleur)
Champagne,#fbf2b7,https://fr.wiktionary.org/wiki/champagne
Chanvre,#ddd8cb,https://www.deleze.name/marcel/photo/noms-couleurs/454-couleurs.php
Charbon,#010101,https://fr.wikipedia.org/wiki/Charbon
Charbonneux,#000010,https://fr.wiktionary.org/wiki/charbonneux
Chartreuse,#dfff00,https://fr.wikipedia.org/wiki/Chartreuse_(couleur)
Chaudron,#85530f,https://fr.wikipedia.org/wiki/Cuivre_(couleur)
Chenu,#f9f9f9,https://fr.wiktionary.org/wiki/chenu
Cherry,#ec3b83,https://fr.wikipedia.org/wiki/Rouge_cerise
Chocolat,#5a3a22,https://fr.wikipedia.org/wiki/Chocolat_(couleur)
Chocolat au Lait,#d1c2b9,https://www.duluxvalentine.com/fr/couleurs
Châtaigier,#94631a,https://www.deleze.name/marcel/photo/noms-couleurs/454-couleurs.php
Châtaigne,#806d5a,https://fr.wikipedia.org/wiki/Ch%C3%A2tain
Châtain,#8c6d43,https://fr.wikipedia.org/wiki/Ch%C3%A2tain
Chêne,#b78b61,https://www.deleze.name/marcel/photo/noms-couleurs/454-couleurs.php
Chêne Clair,#c69f7b,https://www.deleze.name/marcel/photo/noms-couleurs/454-couleurs.php
Chêne Doré,#a76220,https://www.duluxvalentine.com/fr/couleurs
Chêne Foncé,#533929,https://www.duluxvalentine.com/fr/couleurs
Ciel Clair,#d0dde3,https://www.duluxvalentine.com/fr/couleurs
Ciel Orageux,#c7cad7,https://www.deleze.name/marcel/photo/noms-couleurs/454-couleurs.php
Ciel d'Orage,#66869c,https://www.duluxvalentine.com/fr/couleurs
Ciel de Parme,#d4d1df,https://www.duluxvalentine.com/fr/couleurs
Ciment,#b9b9b5,https://www.duluxvalentine.com/fr/couleurs
Cinabre,#db1702,https://fr.wikipedia.org/wiki/Cinabre_(pigment)
Citron,#f7ff3c,https://fr.wiktionary.org/wiki/citron
Citron Frappé,#f7df96,https://www.duluxvalentine.com/fr/couleurs
Citron Vert,#9ecf34,https://www.deleze.name/marcel/photo/noms-couleurs/454-couleurs.php
Citrouille,#df6d14,https://fr.wikipedia.org/wiki/Citrouille_(couleur)
Clair de Véronèse,#59c7b4,https://www.deleze.name/marcel/photo/noms-couleurs/454-couleurs.php
Clarissimo,#b9b276,https://fr.wiktionary.org/wiki/clarissimo
Claro,#845a3b,https://fr.wiktionary.org/wiki/claro
Claro Claro,#ba9b61,https://fr.wiktionary.org/w/index.php?title=claro_claro&action=edit&redlink=1
Clou de Girofle,#361f0e,https://www.deleze.name/marcel/photo/noms-couleurs/454-couleurs.php
Clémentine,#ffbf57,https://www.deleze.name/marcel/photo/noms-couleurs/454-couleurs.php
Cocon,#e3d7c3,https://www.duluxvalentine.com/fr/couleurs
Coeur d'Amande,#e7e6dd,https://www.duluxvalentine.com/fr/couleurs
Cognac,#aa7e54,https://www.duluxvalentine.com/fr/couleurs
Colombin,#6a455d,https://fr.wiktionary.org/wiki/colombin
Colorado,#703516,https://fr.wiktionary.org/wiki/colorado
Colorado Claro,#6a4b21,https://fr.wiktionary.org/w/index.php?title=colorado_claro&action=edit&redlink=1
Coquelicot,#c60800,https://fr.wiktionary.org/wiki/coquelicot
Coquillage,#f2e3ce,https://www.deleze.name/marcel/photo/noms-couleurs/454-couleurs.php
Coquille,#ede0d1,https://www.duluxvalentine.com/fr/couleurs
Coquille d'Huitre,#dde3e3,https://www.deleze.name/marcel/photo/noms-couleurs/454-couleurs.php
Coquille d'Œuf,#fde9e0,https://fr.wikipedia.org/wiki/Coquille_d%27œuf
Corail,#e73e01,https://fr.wikipedia.org/wiki/Corail_(couleur)
Corail Austral,#fda365,https://www.duluxvalentine.com/fr/couleurs
Cordage Beige,#d1baa1,https://www.deleze.name/marcel/photo/noms-couleurs/454-couleurs.php
Coton d'Egypte,#d7c5b5,https://www.duluxvalentine.com/fr/couleurs
Cotonnade,#e7e2d3,https://www.deleze.name/marcel/photo/noms-couleurs/454-couleurs.php
Coulis de Framboise,#a14c72,https://www.duluxvalentine.com/fr/couleurs
Cramoisi,#dc143c,https://fr.wikipedia.org/wiki/Cramoisi
Creme,#fce9ca,https://www.papeteries-montsegur.com/
Crevette,#f7976f,https://www.deleze.name/marcel/photo/noms-couleurs/454-couleurs.php
Crème,#fffdd0,https://fr.wikipedia.org/wiki/Cr%C3%A8me_(couleur)
Crème Noisette,#9d8e7e,https://www.duluxvalentine.com/fr/couleurs
Crème de Cassis,#7d3761,https://www.duluxvalentine.com/fr/couleurs
Crème de la Crème,#f3e7b4,https://github.com/meodai/noms-de-couleur/#authors-@meodai
Cuir Bordeaux,#752b3a,https://www.duluxvalentine.com/fr/couleurs
Cuir Rouge,#863022,https://www.deleze.name/marcel/photo/noms-couleurs/454-couleurs.php
Cuisse de Nymphe,#fee7f0,https://influenz.design/mag/cuisse-de-nymphe
Cuisse de Nymphe Emue,#f4a6c8,https://influenz.design/mag/cuisse-de-nymphe
Cuivre,#b36700,https://fr.wikipedia.org/wiki/Cuivre_(couleur)
Cuivre Rose,#cc907b,https://www.duluxvalentine.com/fr/couleurs
Cuivre Rouge,#68251a,https://www.deleze.name/marcel/photo/noms-couleurs/454-couleurs.php
Cyan,#00ffff,https://fr.wikipedia.org/wiki/Cyan
Cyclamen,#f4aed5,https://www.deleze.name/marcel/photo/noms-couleurs/454-couleurs.php
Cæruléum,#27c5ed,https://fr.wiktionary.org/w/index.php?title=c%C3%A6rul%C3%A9um&action=edit&redlink=1
Céruléen,#377cb9,https://fr.wiktionary.org/wiki/c%C3%A9rul%C3%A9en
Céruse,#f8f8f8,https://fr.wikipedia.org/wiki/C%C3%A9ruse
D'Ivoire,#ffffd4,https://fr.wiktionary.org/w/index.php?title=blanc_d%E2%80%99ivoire&action=edit&redlink=1
Dahlia Noir,#881531,https://www.deleze.name/marcel/photo/noms-couleurs/454-couleurs.php
Dahlia Rose,#fc90a2,https://www.deleze.name/marcel/photo/noms-couleurs/454-couleurs.php
Daim,#b69b7e,https://www.deleze.name/marcel/photo/noms-couleurs/454-couleurs.php
Denim,#1661be,https://fr.wiktionary.org/wiki/denim
Dentelle,#f7edda,https://www.duluxvalentine.com/fr/couleurs
Dorian,#0b1616,https://influenz.design/nuancier-noir/0b1616-dorian
Double Claro,#bb9c62,https://fr.wiktionary.org/w/index.php?title=double_claro&action=edit&redlink=1
Douce Violette,#9895c3,https://www.duluxvalentine.com/fr/couleurs
Douceur de l'Aube,#bdc3b9,https://www.duluxvalentine.com/fr/couleurs
Drap de Lin,#d1c5b7,https://www.duluxvalentine.com/fr/couleurs
Dune,#f8e4c8,https://www.deleze.name/marcel/photo/noms-couleurs/454-couleurs.php
Dunes du Sahara Clair,#d7caba,https://www.duluxvalentine.com/fr/couleurs
Dunes du Sahara Intense,#ca9a51,https://www.duluxvalentine.com/fr/couleurs
Dunes du Sahara Moyen,#dfb778,https://www.duluxvalentine.com/fr/couleurs
Dunes du Sahara Pastel,#d8d4ce,https://www.duluxvalentine.com/fr/couleurs
Dunes du Sahara Pâle,#e8e3dc,https://www.duluxvalentine.com/fr/couleurs
Délice Praliné,#ba9f90,https://www.duluxvalentine.com/fr/couleurs
Eau Bleutée,#dbecf5,https://www.deleze.name/marcel/photo/noms-couleurs/454-couleurs.php
Eau de Source,#bee1e2,https://www.duluxvalentine.com/fr/couleurs
Ebène,#020202,https://fr.wikipedia.org/wiki/%C3%89b%C3%A8ne
Ecarlate,#ff2400,https://fr.wikipedia.org/wiki/%C3%89carlate
Eclat d'Emeraude,#49b3a1,https://www.deleze.name/marcel/photo/noms-couleurs/454-couleurs.php
Eclat de Jaune,#ffcf73,https://www.duluxvalentine.com/fr/couleurs
Eclipse,#2e416e,https://www.duluxvalentine.com/fr/couleurs
Ecorce,#7f6a55,https://www.deleze.name/marcel/photo/noms-couleurs/454-couleurs.php
Ecru,#fefee0,https://fr.wikipedia.org/wiki/%C3%89cru
Ecru Sable,#c8b993,https://www.papeteries-montsegur.com/
Ecureuil,#b35f2b,https://www.deleze.name/marcel/photo/noms-couleurs/454-couleurs.php
Edelweiss,#f9f7f1,https://www.deleze.name/marcel/photo/noms-couleurs/454-couleurs.php
Embruns Bleutés,#7eb1c8,https://www.deleze.name/marcel/photo/noms-couleurs/454-couleurs.php
Emeraude,#01d758,https://fr.wiktionary.org/wiki/%C3%A9meraude
Encre Bleue,#2c597c,https://www.deleze.name/marcel/photo/noms-couleurs/454-couleurs.php
Epices,#f2af68,https://www.deleze.name/marcel/photo/noms-couleurs/454-couleurs.php
Etain,#ededed,https://fr.wikipedia.org/wiki/%C3%89tain#Couleur
Etain Oxydé,#bababa,https://fr.wiktionary.org/wiki/%C3%A9tain_oxyd%C3%A9
Eucalyptus,#4d7a79,https://www.duluxvalentine.com/fr/couleurs
Falaise,#ebeae7,https://www.deleze.name/marcel/photo/noms-couleurs/454-couleurs.php
Fantaisie Parme,#d0bfdb,https://www.duluxvalentine.com/fr/couleurs
Fard à Joue Rose,#f27688,https://www.deleze.name/marcel/photo/noms-couleurs/454-couleurs.php
Fauve,#ae500a,https://fr.wikipedia.org/wiki/Fauve_(couleur)
Fennec,#bc8d0e,https://www.deleze.name/marcel/photo/noms-couleurs/454-couleurs.php
Fer,#848484,https://fr.wiktionary.org/wiki/fer
Fer Forgé,#6b5743,https://www.deleze.name/marcel/photo/noms-couleurs/454-couleurs.php
Feu,#eb6307,https://www.deleze.name/marcel/photo/noms-couleurs/454-couleurs.php
Feu Vif,#ff4901,https://fr.wiktionary.org/w/index.php?title=feu_vif&action=edit&redlink=1
Feuille-Morte,#99512b,https://fr.wikipedia.org/wiki/Feuille-morte_(couleur)
Feutre Gris,#b1aa97,https://www.deleze.name/marcel/photo/noms-couleurs/454-couleurs.php
Feutre Taupe,#9c837c,https://www.duluxvalentine.com/fr/couleurs
Feutrine,#a5a2a0,https://www.duluxvalentine.com/fr/couleurs
Feutrine Prune,#603960,https://www.duluxvalentine.com/fr/couleurs
Ficelle,#dcc4aa,https://www.deleze.name/marcel/photo/noms-couleurs/454-couleurs.php
Figue,#977287,https://www.duluxvalentine.com/fr/couleurs
Fjords Scandinaves Clair,#ceccc3,https://www.duluxvalentine.com/fr/couleurs
Fjords Scandinaves Intense,#7d7d7c,https://www.duluxvalentine.com/fr/couleurs
Fjords Scandinaves Moyen,#b8b4ae,https://www.duluxvalentine.com/fr/couleurs
Fjords Scandinaves Pastel,#dedcd7,https://www.duluxvalentine.com/fr/couleurs
Flamant Rose,#ffadbc,https://www.deleze.name/marcel/photo/noms-couleurs/454-couleurs.php
Flamme Rouge,#dd6a2d,https://github.com/meodai/noms-de-couleur/#authors-@meodai
Flave,#e6e697,https://fr.wikipedia.org/wiki/Flave
Fleur de Coton,#e9e4dd,https://www.duluxvalentine.com/fr/couleurs
Fleur de Lin Bleue,#b0c0da,https://www.deleze.name/marcel/photo/noms-couleurs/454-couleurs.php
Fleur de Sel,#dddad8,https://www.duluxvalentine.com/fr/couleurs
Fleur de Soufre,#ffff6b,https://fr.wiktionary.org/wiki/fleur_de_soufre
Fleur de Thym Parme,#ba91aa,https://www.deleze.name/marcel/photo/noms-couleurs/454-couleurs.php
Flocon,#d0d3d7,https://www.duluxvalentine.com/fr/couleurs
Fond de Teint,#fbd5bb,https://www.deleze.name/marcel/photo/noms-couleurs/454-couleurs.php
Fraise,#bf3030,https://fr.wikipedia.org/wiki/Fraise_(couleur)
Fraise Ecrasée,#a42424,https://fr.wikipedia.org/wiki/Fraise_(couleur)#Fraise_%C3%A9cras%C3%A9e
Fraise des Bois,#b32f48,https://www.deleze.name/marcel/photo/noms-couleurs/454-couleurs.php
Framboise,#e25098,https://fr.wikipedia.org/wiki/Framboise_(couleur)
Framboise Glacée,#bc4365,https://www.deleze.name/marcel/photo/noms-couleurs/454-couleurs.php
Fruits Rouges,#970b23,https://www.deleze.name/marcel/photo/noms-couleurs/454-couleurs.php
Fuchsia,#fd3f92,https://fr.wikipedia.org/wiki/Magenta_(couleur)
Fumée Grise,#877d73,https://www.deleze.name/marcel/photo/noms-couleurs/454-couleurs.php
Fuschia,#f3478b,https://www.deleze.name/marcel/photo/noms-couleurs/454-couleurs.php
Galet,#636458,https://www.deleze.name/marcel/photo/noms-couleurs/454-couleurs.php
Galet Clair,#d8d1c5,https://www.duluxvalentine.com/fr/couleurs
Galet Poli,#b9c1cd,https://www.duluxvalentine.com/fr/couleurs
Garance,#ee1010,https://fr.wikipedia.org/wiki/Garance_(pigment)
Gazelle,#b7a99b,https://www.duluxvalentine.com/fr/couleurs
Giboulée,#8d8885,https://www.duluxvalentine.com/fr/couleurs
Gingembre,#d2bca6,https://www.deleze.name/marcel/photo/noms-couleurs/454-couleurs.php
Girly,#d08eb2,https://www.duluxvalentine.com/fr/couleurs
Girolle,#f6b655,https://www.papeteries-montsegur.com/
Glaise,#ba8b7c,https://www.deleze.name/marcel/photo/noms-couleurs/454-couleurs.php
Glauque,#649b88,https://influenz.design/mag/glauque
Glycine,#c9a0dc,https://fr.wikipedia.org/wiki/Glycine_(couleur)
Glycine Violette,#ada7c7,https://www.deleze.name/marcel/photo/noms-couleurs/454-couleurs.php
Gomme-Gutte,#ef9b0f,https://fr.wikipedia.org/wiki/Gomme-gutte
Goémon,#66605c,https://www.duluxvalentine.com/fr/couleurs
Grain de Sable,#cac2b8,https://www.duluxvalentine.com/fr/couleurs
Grand Bleu,#3b768f,https://www.deleze.name/marcel/photo/noms-couleurs/454-couleurs.php
Granit Gris,#ababab,https://www.deleze.name/marcel/photo/noms-couleurs/454-couleurs.php
Granit Rose,#9b5b66,https://www.deleze.name/marcel/photo/noms-couleurs/454-couleurs.php
Granny Smith,#c7e666,https://www.deleze.name/marcel/photo/noms-couleurs/454-couleurs.php
Gravier,#cbc1b7,https://www.duluxvalentine.com/fr/couleurs
Grenadine,#e9383f,https://fr.wiktionary.org/wiki/grenadine
Grenat,#6e0b14,https://fr.wiktionary.org/wiki/grenat
Gris,#808080,https://influenz.design/mag/gris
Gris Acier,#afafaf,https://fr.wikipedia.org/wiki/Gris_acier
Gris Alpaga,#acb0ae,https://www.duluxvalentine.com/fr/couleurs
Gris Alu,#a0a1a0,https://www.duluxvalentine.com/fr/couleurs
Gris Anglais,#8f908f,https://www.duluxvalentine.com/fr/couleurs
Gris Angora,#aab2b9,https://www.duluxvalentine.com/fr/couleurs
Gris Anthracite,#424242,https://www.deleze.name/marcel/photo/noms-couleurs/454-couleurs.php
Gris Ardoise,#5b5f6c,https://fr.wikipedia.org/wiki/Gris_ardoise
Gris Argent,#a6aba9,https://www.duluxvalentine.com/fr/couleurs
Gris Astrakan,#4d4f52,https://www.duluxvalentine.com/fr/couleurs
Gris Building,#90969c,https://www.duluxvalentine.com/fr/couleurs
Gris Chaud,#9e9890,https://www.duluxvalentine.com/fr/couleurs
Gris Chic,#babab9,https://www.duluxvalentine.com/fr/couleurs
Gris Chromé,#d3d3d6,https://www.deleze.name/marcel/photo/noms-couleurs/454-couleurs.php
Gris Ciment,#bcbdbb,https://www.duluxvalentine.com/fr/couleurs
Gris City,#9a9ea0,https://www.duluxvalentine.com/fr/couleurs
Gris Clair,#c6c9c5,https://www.duluxvalentine.com/fr/couleurs
Gris Eléphant,#8e9078,https://www.deleze.name/marcel/photo/noms-couleurs/454-couleurs.php
Gris Falaise,#4f4b41,https://www.deleze.name/marcel/photo/noms-couleurs/454-couleurs.php
Gris Fer,#7f7f7f,https://fr.wikipedia.org/wiki/Gris_fer
Gris Flanelle,#dbdde0,https://www.duluxvalentine.com/fr/couleurs
Gris Foncé,#505459,https://www.duluxvalentine.com/fr/couleurs
Gris Franc,#adb1af,https://www.duluxvalentine.com/fr/couleurs
Gris Franc 2017,#b2b8b9,https://www.duluxvalentine.com/fr/couleurs
Gris Fumée,#bcd3e2,https://fr.wiktionary.org/w/index.php?title=gris_fum%C3%A9e&action=edit&redlink=1
Gris Industriel,#686d70,https://www.duluxvalentine.com/fr/couleurs
Gris Mezzo,#858b8e,https://www.papeteries-montsegur.com/
Gris Miroir,#c8ced4,https://www.duluxvalentine.com/fr/couleurs
Gris Moyen,#8f9391,https://www.duluxvalentine.com/fr/couleurs
Gris Nuage,#d8d8d7,https://www.duluxvalentine.com/fr/couleurs
Gris Orly,#828684,https://www.duluxvalentine.com/fr/couleurs
Gris Parfait,#a2a5a5,https://www.duluxvalentine.com/fr/couleurs
Gris Perle,#cecece,https://fr.wikipedia.org/wiki/Gris_perle
Gris Pierre Ponce,#e6e8e8,https://www.deleze.name/marcel/photo/noms-couleurs/454-couleurs.php
Gris Pigeon,#c0b3ae,https://www.deleze.name/marcel/photo/noms-couleurs/454-couleurs.php
Gris Plomb,#798081,https://fr.wikipedia.org/wiki/Plomb
Gris Popeline,#afb1b3,https://www.duluxvalentine.com/fr/couleurs
Gris Rocher,#b0a69c,https://www.deleze.name/marcel/photo/noms-couleurs/454-couleurs.php
Gris Rosé,#956f7c,https://www.deleze.name/marcel/photo/noms-couleurs/454-couleurs.php
Gris Sage,#9b9fa1,https://www.duluxvalentine.com/fr/couleurs
Gris Sobre,#858585,https://www.duluxvalentine.com/fr/couleurs
Gris Sombre,#4a5053,https://www.duluxvalentine.com/fr/couleurs
Gris Souris,#9e9e9e,https://fr.wikipedia.org/wiki/Gris_souris
Gris Taupe,#463f32,https://fr.wikipedia.org/wiki/Gris_souris
Gris Tendance,#dcdee1,https://www.duluxvalentine.com/fr/couleurs
Gris Tendre,#d9d9d8,https://www.duluxvalentine.com/fr/couleurs
Gris Terre d'Ombre,#a49878,https://www.deleze.name/marcel/photo/noms-couleurs/454-couleurs.php
Gris Tourdille,#c1bfb1,https://fr.wiktionary.org/w/index.php?title=gris_tourdille&action=edit&redlink=1
Gris Tourterelle,#d7cecb,https://www.deleze.name/marcel/photo/noms-couleurs/454-couleurs.php
Gris Urbain,#767574,https://www.duluxvalentine.com/fr/couleurs
Gris Vert,#98aeae,https://www.deleze.name/marcel/photo/noms-couleurs/454-couleurs.php
Gris Zinc,#a2a9b2,https://www.duluxvalentine.com/fr/couleurs
Gris d'Orage,#b4b3b9,https://www.duluxvalentine.com/fr/couleurs
Gris de Lin,#d2caec,https://fr.wikipedia.org/wiki/Lin_(couleur)
Gris de Maure,#685e43,https://fr.wiktionary.org/w/index.php?title=gris_de_maure&action=edit&redlink=1
Gris de Payne,#677179,https://fr.wikipedia.org/wiki/Gris_de_Payne
Groseille,#cf0a1d,https://fr.wiktionary.org/wiki/groseille
Grotte Marine,#3f7c85,https://www.deleze.name/marcel/photo/noms-couleurs/454-couleurs.php
Grège,#bbae98,https://fr.wikipedia.org/wiki/Gr%C3%A8ge
Grès Rose,#ad6368,https://www.duluxvalentine.com/fr/couleurs
Gueules,#e21313,https://fr.wiktionary.org/wiki/gueules
Géranium,#9b1c29,https://www.duluxvalentine.com/fr/couleurs
Halloween,#d96630,https://www.duluxvalentine.com/fr/couleurs
Hammam,#c9cfd5,https://www.duluxvalentine.com/fr/couleurs
Havane,#947f60,https://fr.wiktionary.org/wiki/havane
Hollywood,#f400a1,https://fr.wikipedia.org/wiki/Rouge_cerise
Houblon,#e4b468,https://www.deleze.name/marcel/photo/noms-couleurs/454-couleurs.php
Huître,#bdcbcb,https://www.deleze.name/marcel/photo/noms-couleurs/454-couleurs.php
Héliotrope,#df73ff,https://fr.wikipedia.org/wiki/Héliotrope_(couleur)
Hêtre,#f7bb77,https://www.deleze.name/marcel/photo/noms-couleurs/454-couleurs.php
Iles du Pacifique Clair,#b2b8ba,https://www.duluxvalentine.com/fr/couleurs
Iles du Pacifique Intense,#85a6ab,https://www.duluxvalentine.com/fr/couleurs
Iles du Pacifique Moyen,#c6d0c8,https://www.duluxvalentine.com/fr/couleurs
Iles du Pacifique Pastel,#cbcdcc,https://www.duluxvalentine.com/fr/couleurs
Iles du Pacifique Pâle,#dadfe0,https://www.duluxvalentine.com/fr/couleurs
Incarnadin,#fe96a0,https://fr.wiktionary.org/wiki/incarnadin
Incarnat,#ff6f7d,https://fr.wikipedia.org/wiki/Incarnat
Incolore,#e5cda9,https://www.duluxvalentine.com/fr/couleurs
Indigo,#23446b,https://fr.wikipedia.org/wiki/Indigo
Indigo Clair,#739fc1,https://www.deleze.name/marcel/photo/noms-couleurs/454-couleurs.php
Iris,#776b98,https://www.deleze.name/marcel/photo/noms-couleurs/454-couleurs.php
Iroko,#ba977c,https://www.duluxvalentine.com/fr/couleurs
Isabelle,#795f30,https://fr.wiktionary.org/wiki/isabelle
Ivoire,#fffff0,https://fr.wikipedia.org/wiki/Ivoire_(couleur)
Ivoirine,#eee6d1,https://www.duluxvalentine.com/fr/couleurs
Jacinthe Rose,#ffb0be,https://www.deleze.name/marcel/photo/noms-couleurs/454-couleurs.php
Jade,#87e990,https://fr.wikipedia.org/wiki/Jade_(couleur)
Jais,#030303,https://fr.wikipedia.org/wiki/Jais
Jardin Secret,#cacebe,https://www.duluxvalentine.com/fr/couleurs
Jaune,#ffff00,https://influenz.design/mag/jaune
Jaune Ambré,#f4b662,https://www.duluxvalentine.com/fr/couleurs
Jaune Auréolin,#f0d343,https://fr.wiktionary.org/wiki/jaune_aur%C3%A9olin
Jaune Banane,#d2b707,https://fr.wikipedia.org/wiki/Banane
Jaune Bouton d'or,#f7dd13,https://fr.wiktionary.org/wiki/jaune_bouton_d%E2%80%99or
Jaune Canari,#e7f00d,https://fr.wikipedia.org/wiki/Jaune_canari
Jaune Chrome,#fee089,https://www.duluxvalentine.com/fr/couleurs
Jaune Citron,#f8fe3d,https://fr.wikipedia.org/wiki/Jaune_citron
Jaune Curry,#ffb515,https://www.deleze.name/marcel/photo/noms-couleurs/454-couleurs.php
Jaune Fleur de Soufre,#fefe6c,https://fr.wiktionary.org/w/index.php?title=jaune_fleur_de_soufre&action=edit&redlink=1
Jaune Frais,#ffdc8c,https://www.duluxvalentine.com/fr/couleurs
Jaune Impérial,#ffe436,https://fr.wikipedia.org/wiki/Jaune_imp%C3%A9rial
Jaune Indien,#e89845,https://fr.wikipedia.org/wiki/Jaune_indien
Jaune Lumière,#ffa405,https://www.duluxvalentine.com/fr/couleurs
Jaune Maïs,#ffde75,https://fr.wiktionary.org/w/index.php?title=jaune_ma%C3%AFs&action=edit&redlink=1
Jaune Miel,#cb8e00,https://fr.wikipedia.org/wiki/Jaune_miel
Jaune Mimosa,#fef86c,https://fr.wikipedia.org/wiki/Jaune_mimosa
Jaune Moutarde,#c7cf00,https://fr.wiktionary.org/wiki/jaune_moutarde
Jaune Nankin,#f7e269,https://fr.wiktionary.org/w/index.php?title=jaune_nankin&action=edit&redlink=1
Jaune Paille,#fee347,https://fr.wikipedia.org/wiki/Paille_(couleur)
Jaune Pale,#fff68f,https://www.papeteries-montsegur.com/
Jaune Pamplemousse,#ffe793,https://www.deleze.name/marcel/photo/noms-couleurs/454-couleurs.php
Jaune Poussin,#f7e35f,https://fr.wikipedia.org/wiki/Poussin_(couleur)
Jaune Primevère,#fff1af,https://www.deleze.name/marcel/photo/noms-couleurs/454-couleurs.php
Jaune Printemps,#ebbd51,https://www.duluxvalentine.com/fr/couleurs
Jaune Pâle,#fdf9cd,https://www.deleze.name/marcel/photo/noms-couleurs/454-couleurs.php
Jaune Rétro,#d7a762,https://www.duluxvalentine.com/fr/couleurs
Jaune Signal,#f7a800,https://www.duluxvalentine.com/fr/couleurs
Jaune Soufre,#fdfd6d,https://fr.wiktionary.org/wiki/jaune_soufre
Jaune Vif,#ffd600,https://www.deleze.name/marcel/photo/noms-couleurs/454-couleurs.php
Jaune d'Orient,#fab248,https://www.duluxvalentine.com/fr/couleurs
Jaune d'or,#efd807,https://fr.wiktionary.org/w/index.php?title=jaune_d%E2%80%99or&action=edit&redlink=1
Jaune de Chrome,#ffff05,https://fr.wikipedia.org/wiki/Chromate_de_plomb(II)
Jaune de Cobalt,#fdee00,https://fr.wikipedia.org/wiki/Jaune_de_cobalt
Jaune de Mars,#eed153,https://fr.wikipedia.org/wiki/Couleurs_de_Mars
Jaune de Naples,#fada5e,https://fr.wikipedia.org/wiki/Jaune_de_Naples
Jonquille,#ffe300,https://www.deleze.name/marcel/photo/noms-couleurs/454-couleurs.php
Jute,#bc9a78,https://www.deleze.name/marcel/photo/noms-couleurs/454-couleurs.php
Kaki,#94812b,https://fr.wiktionary.org/wiki/kaki
Kaki Clair,#d3cdbe,https://www.duluxvalentine.com/fr/couleurs
L'Anthracite,#7e7e7d,https://www.duluxvalentine.com/fr/couleurs
L'Ivoire,#eeede7,https://www.duluxvalentine.com/fr/couleurs
L'Ocre,#d08e61,https://www.duluxvalentine.com/fr/couleurs
Lagon,#12aeba,https://www.deleze.name/marcel/photo/noms-couleurs/454-couleurs.php
Lagune,#0097c4,https://www.duluxvalentine.com/fr/couleurs
Lagune Turquoise,#90c3cc,https://www.deleze.name/marcel/photo/noms-couleurs/454-couleurs.php
Laine de Vigogne,#cbb69c,https://www.deleze.name/marcel/photo/noms-couleurs/454-couleurs.php
Lait Fraise,#f2bcc2,https://www.duluxvalentine.com/fr/couleurs
Laiton,#c8ab6c,https://www.deleze.name/marcel/photo/noms-couleurs/454-couleurs.php
Lama,#8a6e4e,https://www.deleze.name/marcel/photo/noms-couleurs/454-couleurs.php
Lapis,#464563,https://www.deleze.name/marcel/photo/noms-couleurs/454-couleurs.php
Lapis-Lazuli,#26619c,https://fr.wiktionary.org/wiki/lapis-lazuli
Laurier Vert,#617a52,https://www.deleze.name/marcel/photo/noms-couleurs/454-couleurs.php
Lavallière,#8f5922,https://fr.wikipedia.org/wiki/Lavalli%C3%A8re_(couleur)
Lavande,#9784ed,https://fr.wikipedia.org/wiki/Lavande_(couleur)
Layette Rose,#ffeeeb,https://www.deleze.name/marcel/photo/noms-couleurs/454-couleurs.php
Le Beige,#e5dfd7,https://www.duluxvalentine.com/fr/couleurs
Le Blanc,#f5f4ee,https://www.duluxvalentine.com/fr/couleurs
Le Blanc Cassé,#eeecdd,https://www.duluxvalentine.com/fr/couleurs
Le Bleu,#86a7ac,https://www.duluxvalentine.com/fr/couleurs
Le Bleu Canard,#005461,https://www.duluxvalentine.com/fr/couleurs
Le Bleu Clair,#c8e2df,https://www.duluxvalentine.com/fr/couleurs
Le Béton,#b9b5af,https://www.duluxvalentine.com/fr/couleurs
Le Camel,#b99b83,https://www.duluxvalentine.com/fr/couleurs
Le Chocolat,#7a543d,https://www.duluxvalentine.com/fr/couleurs
Le Crème,#e7d4bc,https://www.duluxvalentine.com/fr/couleurs
Le Gris Clair,#cccecd,https://www.duluxvalentine.com/fr/couleurs
Le Gris Foncé,#a4a3a3,https://www.duluxvalentine.com/fr/couleurs
Le Gris Moyen,#b3b9bb,https://www.duluxvalentine.com/fr/couleurs
Le Gris Pastel,#dbe0e1,https://www.duluxvalentine.com/fr/couleurs
Le Gris Pâle,#dfddd8,https://www.duluxvalentine.com/fr/couleurs
Le Jaune,#fbb847,https://www.duluxvalentine.com/fr/couleurs
Le Kraft,#c1b19f,https://www.duluxvalentine.com/fr/couleurs
Le Lin,#cfcdc4,https://www.duluxvalentine.com/fr/couleurs
Le Moutarde,#cb9b52,https://www.duluxvalentine.com/fr/couleurs
Le Noir,#252525,https://www.duluxvalentine.com/fr/couleurs
Le Nude,#d7c3b8,https://www.duluxvalentine.com/fr/couleurs
Le Rose,#f2dee2,https://www.duluxvalentine.com/fr/couleurs
Le Rose Intense,#c79ca3,https://www.duluxvalentine.com/fr/couleurs
Le Rouge,#952c29,https://www.duluxvalentine.com/fr/couleurs
Le Sable,#d8cbbb,https://www.duluxvalentine.com/fr/couleurs
Le Taupe,#a18c82,https://www.duluxvalentine.com/fr/couleurs
Le Vert,#dfebc1,https://www.duluxvalentine.com/fr/couleurs
Le Vert Canard,#006663,https://www.duluxvalentine.com/fr/couleurs
Le Violet,#8d8086,https://www.duluxvalentine.com/fr/couleurs
Lie-de-vin,#ac1e44,https://fr.wiktionary.org/wiki/lie-de-vin
Lilas,#b666d2,https://fr.wikipedia.org/wiki/Lilas_(couleur)
Lilas Fané,#814952,https://www.deleze.name/marcel/photo/noms-couleurs/454-couleurs.php
Lilas Rose,#e6ccd9,https://www.deleze.name/marcel/photo/noms-couleurs/454-couleurs.php
Lin,#939681,https://fr.wikipedia.org/wiki/Lin_(couleur)
Lin Bistre,#b39f8b,https://www.deleze.name/marcel/photo/noms-couleurs/454-couleurs.php
Lin Blanc,#e6e0d8,https://www.duluxvalentine.com/fr/couleurs
Lin Brut,#e0dad5,https://www.duluxvalentine.com/fr/couleurs
Lin Clair,#e3ddd2,https://www.duluxvalentine.com/fr/couleurs
Lin Intense,#cac0b8,https://www.duluxvalentine.com/fr/couleurs
Lin Ivoire,#e2d8c9,https://www.duluxvalentine.com/fr/couleurs
Lin Naturel,#e3dcd4,https://www.duluxvalentine.com/fr/couleurs
Litchee,#dba9b2,https://www.deleze.name/marcel/photo/noms-couleurs/454-couleurs.php
Lièvre,#9a7c5c,https://www.deleze.name/marcel/photo/noms-couleurs/454-couleurs.php
Loup Gris,#625d50,https://www.deleze.name/marcel/photo/noms-couleurs/454-couleurs.php
Loutre,#a4835c,https://www.deleze.name/marcel/photo/noms-couleurs/454-couleurs.php
Lune Cendrée,#9aa5b7,https://www.duluxvalentine.com/fr/couleurs
Lys Blanc,#edeae6,https://www.duluxvalentine.com/fr/couleurs
Macaron Café,#b1937d,https://www.duluxvalentine.com/fr/couleurs
Macaron Glacé,#bfb5b2,https://www.duluxvalentine.com/fr/couleurs
Maduro,#372f25,https://fr.wiktionary.org/wiki/maduro
Maduro Colorado,#5d3e13,https://fr.wiktionary.org/w/index.php?title=maduro_colorado&action=edit&redlink=1
Magenta,#ff00ff,https://fr.wikipedia.org/wiki/Magenta_(couleur)
Malachite,#1fa055,https://fr.wiktionary.org/wiki/malachite
Mandarine,#fea347,https://fr.wikipedia.org/wiki/Mandarine_(couleur)
Mangue,#fdbd96,https://www.deleze.name/marcel/photo/noms-couleurs/454-couleurs.php
Maquis,#a7a89c,https://www.duluxvalentine.com/fr/couleurs
Marbre Blanc,#eae4db,https://www.duluxvalentine.com/fr/couleurs
Marine,#03224c,https://fr.wiktionary.org/wiki/marine
Marron,#582900,https://fr.wikipedia.org/wiki/Marron_(couleur)
Marron Doré,#ad7239,https://www.deleze.name/marcel/photo/noms-couleurs/454-couleurs.php
Marron Glacé,#a06c50,https://www.deleze.name/marcel/photo/noms-couleurs/454-couleurs.php
Marée Haute,#3a7d9a,https://www.duluxvalentine.com/fr/couleurs
Marée Turquoise,#64abba,https://www.deleze.name/marcel/photo/noms-couleurs/454-couleurs.php
Mastic,#b3b191,https://fr.wikipedia.org/wiki/Mastic_(couleur)
Matin Blanc,#eae9e9,https://www.duluxvalentine.com/fr/couleurs
Mauve,#d473d4,https://fr.wikipedia.org/wiki/Mauve_(couleur)
Maïs,#e29000,https://fr.wikipedia.org/wiki/Ma%C3%AFs_(couleur)
Melon,#de9816,https://fr.wiktionary.org/wiki/melon
Menthe,#16b84e,https://fr.wiktionary.org/wiki/menthe
Menthe à l'Eau,#54f98d,https://fr.wiktionary.org/wiki/menthe_%C3%A0_l%E2%80%99eau
Meulière,#f4e7ce,https://www.duluxvalentine.com/fr/couleurs
Miel,#dab30a,https://fr.wiktionary.org/wiki/miel
Miel Ambré,#a38061,https://www.duluxvalentine.com/fr/couleurs
Misty Rose,#ffe4e1,https://fr.wikipedia.org/wiki/Rose_(couleur)#Couleurs_du_web
Moitié-Moitié,#f8d786,https://github.com/meodai/noms-de-couleur/#authors-@meodai
Moka Latte,#bea488,https://www.duluxvalentine.com/fr/couleurs
Montagnes Rocheuses Clair,#d6cec7,https://www.duluxvalentine.com/fr/couleurs
Montagnes Rocheuses Intense,#b05446,https://www.duluxvalentine.com/fr/couleurs
Montagnes Rocheuses Moyen,#dbb6a6,https://www.duluxvalentine.com/fr/couleurs
Montagnes Rocheuses Pastel,#e1dbd6,https://www.duluxvalentine.com/fr/couleurs
Montagnes Rocheuses Pâle,#eeebe7,https://www.duluxvalentine.com/fr/couleurs
Mordoré,#87591a,https://fr.wiktionary.org/wiki/mordor%C3%A9
Moreau,#040404,https://fr.wiktionary.org/wiki/moreau
Mouette Bleutée,#a2b5c6,https://www.deleze.name/marcel/photo/noms-couleurs/454-couleurs.php
Mousseline Parme,#cec9d9,https://www.duluxvalentine.com/fr/couleurs
Moutarde,#ffdb58,https://fr.wikipedia.org/wiki/Moutarde_(couleur)
Muscade,#c28142,https://www.deleze.name/marcel/photo/noms-couleurs/454-couleurs.php
Myrtille,#55455e,https://www.duluxvalentine.com/fr/couleurs
Nacarat,#fc5d5d,https://fr.wikipedia.org/wiki/Nacarat
Nacre,#d9dad8,https://www.duluxvalentine.com/fr/couleurs
Nankin,#f8e36a,https://fr.wikipedia.org/wiki/Nankin_(couleur)
Neige,#f7f7f7,https://fr.wikipedia.org/wiki/Blanc
Noir,#050505,https://influenz.design/mag/noir
Noir Animal,#060606,https://fr.wikipedia.org/wiki/Noir_animal#Colorant
Noir Anthracite,#3f3e3e,https://www.duluxvalentine.com/fr/couleurs
Noir Charbon,#010111,https://fr.wiktionary.org/w/index.php?title=noir_charbon&action=edit&redlink=1
Noir Panthère,#1c1e1f,https://www.duluxvalentine.com/fr/couleurs
Noir d'Aniline,#120d16,https://fr.wikipedia.org/wiki/Noir_d%27aniline
Noir d'Encre,#070707,https://fr.wikipedia.org/wiki/Noir
Noir d'Ivoire,#080808,https://fr.wikipedia.org/wiki/Noir_animal#Pigment
Noir de Carbone,#130e0a,https://fr.wikipedia.org/wiki/Noir_de_carbone
Noir de Fumée,#140f0b,https://fr.wiktionary.org/wiki/noir_de_fum%C3%A9e
Noir de Jais,#090909,https://fr.wiktionary.org/wiki/noir_de_jais
Noir de Mars,#0f100d,https://github.com/meodai/noms-de-couleur/#authors-@meodai
Noiraud,#2f1e0e,https://fr.wiktionary.org/wiki/noiraud
Noisette,#955628,https://fr.wikipedia.org/wiki/Noisette_(couleur)
Nougatine,#cf7939,https://www.deleze.name/marcel/photo/noms-couleurs/454-couleurs.php
Noyer,#462c2d,https://www.duluxvalentine.com/fr/couleurs
Noyer Brut,#bdaa9d,https://www.duluxvalentine.com/fr/couleurs
Nuage Bleu,#eefcfc,https://www.deleze.name/marcel/photo/noms-couleurs/454-couleurs.php
Nude,#f2c89b,https://www.duluxvalentine.com/fr/couleurs
Ocre,#dfaf2c,https://fr.wikipedia.org/wiki/Ocre
Ocre Doré,#c19659,https://www.duluxvalentine.com/fr/couleurs
Ocre Jaune,#e0b02d,https://fr.wiktionary.org/wiki/ocre_jaune
Ocre Rose,#e9c6b1,https://www.duluxvalentine.com/fr/couleurs
Ocre Rouge,#dd985c,https://fr.wiktionary.org/wiki/ocre_rouge
Ocre Terre de Sienne,#ac5414,https://www.deleze.name/marcel/photo/noms-couleurs/454-couleurs.php
Ocre Toscane,#c66218,https://www.deleze.name/marcel/photo/noms-couleurs/454-couleurs.php
Ocre du Sud,#e7d5c2,https://www.duluxvalentine.com/fr/couleurs
Oeillet de Poète Rose,#ff8cae,https://www.deleze.name/marcel/photo/noms-couleurs/454-couleurs.php
Olive,#708d23,https://fr.wiktionary.org/wiki/olive
Olive Cassée,#c7c077,https://www.deleze.name/marcel/photo/noms-couleurs/454-couleurs.php
Ombre Verte,#205f2e,https://www.deleze.name/marcel/photo/noms-couleurs/454-couleurs.php
Opalin,#f2ffff,https://fr.wiktionary.org/wiki/opalin
Or,#ffd700,https://fr.wikipedia.org/wiki/Or_(couleur)
Or Rose,#c56a5b,https://www.deleze.name/marcel/photo/noms-couleurs/454-couleurs.php
Orage,#637c94,https://www.duluxvalentine.com/fr/couleurs
Orange,#ed7f10,https://influenz.design/mag/orange
Orange Brûlé,#cc5500,https://fr.wikipedia.org/wiki/Orange_brûlé
Orange Brûlée,#cd5601,https://fr.wiktionary.org/w/index.php?title=orange_br%C3%BBl%C3%A9e&action=edit&redlink=1
Orange Confite,#d77e44,https://www.duluxvalentine.com/fr/couleurs
Orange Fluo,#f78b13,https://www.deleze.name/marcel/photo/noms-couleurs/454-couleurs.php
Orange Lumineux,#f4ac71,https://www.duluxvalentine.com/fr/couleurs
Orange Sanguine,#ca533c,https://www.duluxvalentine.com/fr/couleurs
Orangé,#ee8011,https://fr.wiktionary.org/wiki/orang%C3%A9
Orchidée,#da70d6,https://fr.wikipedia.org/wiki/Orchidée_(couleur)
Orpiment,#fcd21c,https://fr.wikipedia.org/wiki/Orpiment_(pigment)
Orpin de Perse,#fdd31d,https://fr.wiktionary.org/wiki/orpin_de_Perse
Oscuro,#292107,https://fr.wiktionary.org/wiki/oscuro
Osier,#a26d20,https://www.deleze.name/marcel/photo/noms-couleurs/454-couleurs.php
Ours Brun,#8b7267,https://www.duluxvalentine.com/fr/couleurs
Page Blanche,#f6f5ef,https://www.duluxvalentine.com/fr/couleurs
Paille,#ffe448,https://fr.wiktionary.org/wiki/paille
Pamplemousse,#fedd8d,https://www.duluxvalentine.com/fr/couleurs
Papaye,#ffefd5,https://fr.wiktionary.org/wiki/papaye
Papaye Orange,#f27842,https://www.deleze.name/marcel/photo/noms-couleurs/454-couleurs.php
Papier Bulle,#edd38c,https://fr.wiktionary.org/wiki/papier_bulle
Parfait Café,#bea18e,https://www.duluxvalentine.com/fr/couleurs
Parme,#cfa0e9,https://fr.wikipedia.org/wiki/Parme_(couleur)
Parme Clair,#e3cbe3,https://www.deleze.name/marcel/photo/noms-couleurs/454-couleurs.php
Pashmina Turquoise,#00939f,https://www.duluxvalentine.com/fr/couleurs
Passe-Velours,#92293c,https://fr.wikipedia.org/wiki/Bordeaux_(couleur)
Pastel,#58759c,https://fr.wiktionary.org/wiki/pastel
Pavé Gris,#857b61,https://www.deleze.name/marcel/photo/noms-couleurs/454-couleurs.php
Peau Rosée,#ebb7af,https://www.deleze.name/marcel/photo/noms-couleurs/454-couleurs.php
Peau de Pêche,#ffdfd5,https://www.deleze.name/marcel/photo/noms-couleurs/454-couleurs.php
Peche,#f8c496,https://www.papeteries-montsegur.com/
Pelure d'Oignon,#d58490,https://fr.wikipedia.org/wiki/Pelure_d%27oignon
Pensée,#835b8b,https://www.deleze.name/marcel/photo/noms-couleurs/454-couleurs.php
Perle de Tahiti,#566a6a,https://www.deleze.name/marcel/photo/noms-couleurs/454-couleurs.php
Pervenche,#ccccff,https://fr.wikipedia.org/wiki/Pervenche_(couleur)
Petit Gris,#917b73,https://www.deleze.name/marcel/photo/noms-couleurs/454-couleurs.php
Petit Matelot,#bfd1e4,https://www.duluxvalentine.com/fr/couleurs
Pierre Meulière,#f2e7cc,https://www.duluxvalentine.com/fr/couleurs
Pierre de Fiel,#e5b53f,https://github.com/meodai/noms-de-couleur/#authors-@meodai
Pierre de Lave,#737372,https://www.duluxvalentine.com/fr/couleurs
Piment,#d21035,https://www.deleze.name/marcel/photo/noms-couleurs/454-couleurs.php
Pinchard,#cccccc,https://fr.wiktionary.org/wiki/pinchard
Pistache,#d2df84,https://fr.wiktionary.org/wiki/pistache
Pivoine,#92353b,https://www.papeteries-montsegur.com/
Plaines d'Asie Clair,#d9c1a2,https://www.duluxvalentine.com/fr/couleurs
Plaines d'Asie Intense,#d18f62,https://www.duluxvalentine.com/fr/couleurs
Plaines d'Asie Moyen,#e3b383,https://www.duluxvalentine.com/fr/couleurs
Plaines d'Asie Pastel,#e8d5bd,https://www.duluxvalentine.com/fr/couleurs
Plaines d'Asie Pâle,#f7ebdc,https://www.duluxvalentine.com/fr/couleurs
Platine,#faf0c5,https://fr.wiktionary.org/wiki/platine
Platre Rose,#f0e4db,https://www.duluxvalentine.com/fr/couleurs
Plomb,#7a8182,https://fr.wiktionary.org/wiki/plomb
Pluie d'Eté Bleue,#d9ebf1,https://www.deleze.name/marcel/photo/noms-couleurs/454-couleurs.php
Plume Rose,#fee7da,https://www.deleze.name/marcel/photo/noms-couleurs/454-couleurs.php
Plume de Paon,#004c52,https://www.duluxvalentine.com/fr/couleurs
Poil de Chameau,#b67823,https://fr.wikipedia.org/wiki/Poil_de_chameau#Couleur
Poivre,#4e5053,https://www.duluxvalentine.com/fr/couleurs
Poivre Blanc,#bcb4ac,https://www.deleze.name/marcel/photo/noms-couleurs/454-couleurs.php
Poivre Noir,#484848,https://www.deleze.name/marcel/photo/noms-couleurs/454-couleurs.php
Poivre Rose,#da6783,https://www.deleze.name/marcel/photo/noms-couleurs/454-couleurs.php
Ponceau,#c70901,https://fr.wikipedia.org/wiki/Ponceau_(couleur)
Poterie,#f7a777,https://www.deleze.name/marcel/photo/noms-couleurs/454-couleurs.php
Potiron,#f56600,https://fr.wiktionary.org/wiki/potiron
Poudre de Riz,#d2d0d4,https://www.duluxvalentine.com/fr/couleurs
Pourpre,#9e0e40,https://fr.wikipedia.org/wiki/Pourpre
Pourpre Hélios,#a3294d,https://github.com/meodai/noms-de-couleur/#authors-@meodai
Pourpre de Venise,#834368,https://www.duluxvalentine.com/fr/couleurs
Praline,#9c8a88,https://www.duluxvalentine.com/fr/couleurs
Praliné,#a77c49,https://www.deleze.name/marcel/photo/noms-couleurs/454-couleurs.php
Prasin,#4ca66b,https://fr.wiktionary.org/wiki/prasin
Prune,#811453,https://fr.wikipedia.org/wiki/Prune_(couleur)
Puce,#4e1609,https://fr.wikipedia.org/wiki/Puce_(couleur)
Pur Cachemire,#beb1ab,https://www.duluxvalentine.com/fr/couleurs
Pénombre,#54414c,https://www.duluxvalentine.com/fr/couleurs
Pétale de Rose,#fbbfc2,https://www.deleze.name/marcel/photo/noms-couleurs/454-couleurs.php
Pêche,#fdbfb7,https://fr.wiktionary.org/wiki/p%C3%AAche
Quartz Rose,#ffe2e2,https://www.deleze.name/marcel/photo/noms-couleurs/454-couleurs.php
Queue-de-renard,#932a3d,https://fr.wiktionary.org/wiki/queue-de-renard
Queue-de-vache,#c3b470,https://fr.wiktionary.org/wiki/queue-de-vache
Raisin,#72375d,https://www.deleze.name/marcel/photo/noms-couleurs/454-couleurs.php
Reflet de Perle,#e6eae4,https://www.duluxvalentine.com/fr/couleurs
Reglisse,#67615d,https://www.duluxvalentine.com/fr/couleurs
Renne Gris,#6e655c,https://www.deleze.name/marcel/photo/noms-couleurs/454-couleurs.php
Rhododendron Rose,#ea9cc4,https://www.deleze.name/marcel/photo/noms-couleurs/454-couleurs.php
Roc Blanc,#e2e5e6,https://www.duluxvalentine.com/fr/couleurs
Romarin,#b1ac96,https://www.duluxvalentine.com/fr/couleurs
Rose,#fd6c9e,https://influenz.design/mag/rose
Rose Ancien,#e68a8a,https://www.deleze.name/marcel/photo/noms-couleurs/454-couleurs.php
Rose Aurore,#ffc9c9,https://www.deleze.name/marcel/photo/noms-couleurs/454-couleurs.php
Rose Azalée,#ffcbd5,https://www.deleze.name/marcel/photo/noms-couleurs/454-couleurs.php
Rose Balais,#c4698f,https://fr.wiktionary.org/w/index.php?title=rose_balais&action=edit&redlink=1
Rose Bengale,#e02876,https://www.deleze.name/marcel/photo/noms-couleurs/454-couleurs.php
Rose Bombon,#ffa4be,https://www.deleze.name/marcel/photo/noms-couleurs/454-couleurs.php
Rose Bonbon,#f9429e,https://fr.wikipedia.org/wiki/Rose_bonbon_(couleur)
Rose Bruni,#f8cac8,https://www.deleze.name/marcel/photo/noms-couleurs/454-couleurs.php
Rose Dragée,#febfd2,https://fr.wikipedia.org/wiki/Rose_dragée
Rose Eglantine,#fcb0b9,https://www.deleze.name/marcel/photo/noms-couleurs/454-couleurs.php
Rose Flamant,#ffded5,https://www.deleze.name/marcel/photo/noms-couleurs/454-couleurs.php
Rose Fluo,#ff9191,https://www.deleze.name/marcel/photo/noms-couleurs/454-couleurs.php
Rose Foncé,#ee546e,https://www.deleze.name/marcel/photo/noms-couleurs/454-couleurs.php
Rose Framboise Ecrasée,#ba4a4a,https://www.deleze.name/marcel/photo/noms-couleurs/454-couleurs.php
Rose Fuchsia,#fe4093,https://fr.wiktionary.org/wiki/rose_fuchsia
Rose Grenadine,#f5adad,https://www.deleze.name/marcel/photo/noms-couleurs/454-couleurs.php
Rose Guimauve,#f0ced4,https://www.deleze.name/marcel/photo/noms-couleurs/454-couleurs.php
Rose Géranium,#ff5773,https://www.deleze.name/marcel/photo/noms-couleurs/454-couleurs.php
Rose Hortensia,#e4a6ac,https://www.deleze.name/marcel/photo/noms-couleurs/454-couleurs.php
Rose Impatience,#d1286a,https://www.deleze.name/marcel/photo/noms-couleurs/454-couleurs.php
Rose Indien,#c54989,https://www.deleze.name/marcel/photo/noms-couleurs/454-couleurs.php
Rose Magenta,#9c2462,https://www.deleze.name/marcel/photo/noms-couleurs/454-couleurs.php
Rose Magenta Foncé,#820043,https://www.deleze.name/marcel/photo/noms-couleurs/454-couleurs.php
Rose Mountbatten,#997a8d,https://influenz.design/mag/rose-mountbatten
Rose Nude,#e3dbdc,https://www.duluxvalentine.com/fr/couleurs
Rose Organza,#dec7cb,https://www.duluxvalentine.com/fr/couleurs
Rose Pale,#fdced6,https://www.papeteries-montsegur.com/
Rose Paradis,#f1dee6,https://www.duluxvalentine.com/fr/couleurs
Rose Persan,#f77fbe,https://fr.wikipedia.org/wiki/Rose_(couleur)
Rose Pink,#d6b5b8,https://www.duluxvalentine.com/fr/couleurs
Rose Pivoine,#ffbdbd,https://www.deleze.name/marcel/photo/noms-couleurs/454-couleurs.php
Rose Poivré,#dfb3bb,https://www.deleze.name/marcel/photo/noms-couleurs/454-couleurs.php
Rose Pompadour,#e7a9ac,https://www.deleze.name/marcel/photo/noms-couleurs/454-couleurs.php
Rose Poudré,#ffdfd9,https://www.deleze.name/marcel/photo/noms-couleurs/454-couleurs.php
Rose Pétunia,#ff798c,https://www.deleze.name/marcel/photo/noms-couleurs/454-couleurs.php
Rose Razzle Dazzle,#eed5d2,https://fr.wikipedia.org/wiki/Rose_razzle_dazzle
Rose Saumon,#ff91a4,https://fr.wikipedia.org/wiki/Saumon_(couleur)
Rose Shocking,#fc0fc0,https://fr.wikipedia.org/wiki/Rose_shocking
Rose Thé,#ff866a,https://fr.wiktionary.org/w/index.php?title=rose_th%C3%A9&action=edit&redlink=1
Rose Trémière,#e8879b,https://www.deleze.name/marcel/photo/noms-couleurs/454-couleurs.php
Rose Vichy,#d185b7,https://www.duluxvalentine.com/fr/couleurs
Rose Vif,#f682a6,https://fr.wikipedia.org/wiki/Rose_(couleur)
Rose des Sables,#fed7cc,https://www.deleze.name/marcel/photo/noms-couleurs/454-couleurs.php
Roseraie,#cf7373,https://www.deleze.name/marcel/photo/noms-couleurs/454-couleurs.php
Rosso Corsa,#d40000,https://fr.wikipedia.org/wiki/Rosso_Corsa
Rosée des Prés,#f3e1d7,https://www.deleze.name/marcel/photo/noms-couleurs/454-couleurs.php
Rouge,#e10343,https://influenz.design/mag/rouge
Rouge Agricole,#a6272f,https://www.duluxvalentine.com/fr/couleurs
Rouge Andalou,#c8403f,https://www.duluxvalentine.com/fr/couleurs
Rouge Andrinople,#a91101,https://fr.wiktionary.org/w/index.php?title=rouge_Andrinople&action=edit&redlink=1
Rouge Anglais,#f7230c,https://fr.wikipedia.org/wiki/Oxyde_de_fer(III)
Rouge Basque,#6b2c31,https://www.duluxvalentine.com/fr/couleurs
Rouge Bismarck,#a5260a,https://fr.wiktionary.org/wiki/rouge_Bismarck
Rouge Boléro,#9c333c,https://www.duluxvalentine.com/fr/couleurs
Rouge Bordeaux,#6d071a,https://fr.wiktionary.org/w/index.php?title=rouge_bordeaux&action=edit&redlink=1
Rouge Bourgogne,#6c0e0e,https://fr.wiktionary.org/w/index.php?title=rouge_bourgogne&action=edit&redlink=1
Rouge Brique,#aa4d4c,https://www.duluxvalentine.com/fr/couleurs
Rouge Capucine,#fe5f4e,https://fr.wiktionary.org/w/index.php?title=rouge_capucine&action=edit&redlink=1
Rouge Cardinal,#b82010,https://fr.wikipedia.org/wiki/Rouge_cardinal
Rouge Carmin,#970119,https://fr.wiktionary.org/w/index.php?title=rouge_carmin&action=edit&redlink=1
Rouge Carrelage,#7e3c33,https://www.duluxvalentine.com/fr/couleurs
Rouge Cerise,#d20f45,https://fr.wikipedia.org/wiki/Rouge_cerise
Rouge Cinabre,#dc1803,https://fr.wiktionary.org/w/index.php?title=rouge_cinabre&action=edit&redlink=1
Rouge Clair,#ff7992,https://www.deleze.name/marcel/photo/noms-couleurs/454-couleurs.php
Rouge Coquelicot,#c80a02,https://fr.wikipedia.org/wiki/Ponceau_(couleur)
Rouge Design,#c94140,https://www.duluxvalentine.com/fr/couleurs
Rouge Ecarlate,#e31d42,https://www.deleze.name/marcel/photo/noms-couleurs/454-couleurs.php
Rouge Ecrevisse,#bc2001,https://fr.wiktionary.org/w/index.php?title=rouge_%C3%A9crevisse&action=edit&redlink=1
Rouge Egyptien,#bf2d2d,https://www.deleze.name/marcel/photo/noms-couleurs/454-couleurs.php
Rouge Eternel,#d86165,https://www.duluxvalentine.com/fr/couleurs
Rouge Feu,#fe1b00,https://fr.wikipedia.org/wiki/Rouge_feu
Rouge Fraise,#c03131,https://fr.wiktionary.org/w/index.php?title=rouge_fraise&action=edit&redlink=1
Rouge Framboise,#c72c48,https://fr.wiktionary.org/w/index.php?title=rouge_framboise&action=edit&redlink=1
Rouge Glamour,#832930,https://www.duluxvalentine.com/fr/couleurs
Rouge Grenadine,#ea3940,https://fr.wikipedia.org/wiki/Grenadine_(couleur)
Rouge Grenat,#6f0c15,https://fr.wikipedia.org/wiki/Grenat_(couleur)
Rouge Groseille,#d00b1e,https://fr.wikipedia.org/wiki/Groseille_(couleur)
Rouge Industriel,#ad2b2a,https://www.duluxvalentine.com/fr/couleurs
Rouge Japonais,#bb051f,https://www.deleze.name/marcel/photo/noms-couleurs/454-couleurs.php
Rouge Laque de Chine,#b71f33,https://www.deleze.name/marcel/photo/noms-couleurs/454-couleurs.php
Rouge Lie de Vin,#913546,https://www.deleze.name/marcel/photo/noms-couleurs/454-couleurs.php
Rouge Madras,#b0342f,https://www.duluxvalentine.com/fr/couleurs
Rouge Piment,#902a2c,https://www.duluxvalentine.com/fr/couleurs
Rouge Ponceau,#c90b03,https://fr.wiktionary.org/w/index.php?title=rouge_ponceau&action=edit&redlink=1
Rouge Rubis,#d31046,https://fr.wikipedia.org/wiki/Rubis_(couleur)
Rouge Sang,#850606,https://fr.wikipedia.org/wiki/Rouge_sang
Rouge Tomate,#de2916,https://fr.wikipedia.org/wiki/Rouge_tomate
Rouge Tomette,#ae4a34,https://fr.wikipedia.org/wiki/Tomette
Rouge Tulipe,#e74967,https://www.deleze.name/marcel/photo/noms-couleurs/454-couleurs.php
Rouge Turc,#aa1202,https://fr.wikipedia.org/wiki/Rouge_d%27Andrinople
Rouge Vermillon,#dd1904,https://fr.wiktionary.org/w/index.php?title=rouge_vermillon&action=edit&redlink=1
Rouge Vif,#fa3203,https://www.deleze.name/marcel/photo/noms-couleurs/454-couleurs.php
Rouge Vin,#7b001b,https://www.deleze.name/marcel/photo/noms-couleurs/454-couleurs.php
Rouge d'Alizarine,#da0216,https://fr.wiktionary.org/wiki/rouge_d%E2%80%99alizarine
Rouge d'Andrinople,#ab1303,https://fr.wikipedia.org/wiki/Rouge_d%27Andrinople
Rouge d'Aniline,#ed0000,https://fr.wiktionary.org/w/index.php?title=rouge_d%E2%80%99aniline&action=edit&redlink=1
Rouge de Falun,#801818,https://fr.wikipedia.org/wiki/Rouge_de_Falun
Rouge de Mars,#f8240d,https://fr.wikipedia.org/wiki/Oxyde_de_fer(III)
Rouge de Venise,#6b3634,https://github.com/meodai/noms-de-couleur/#authors-@meodai
Rouge à Lèvres,#d22e2e,https://github.com/meodai/noms-de-couleur/#authors-@meodai
Rouge-Baiser,#a7132b,https://www.deleze.name/marcel/photo/noms-couleurs/454-couleurs.php
Rouge-Violet,#c71585,https://fr.wiktionary.org/w/index.php?title=rouge-violet&action=edit&redlink=1
Rouille,#b7410e,https://fr.wikipedia.org/wiki/Rouille_(couleur)
Roux,#b8420f,https://fr.wikipedia.org/wiki/Roux_(couleur)
Réglisse,#2d241e,https://fr.wikipedia.org/wiki/R%C3%A9glisse
Sable,#e0cda9,https://fr.wikipedia.org/wiki/Sable_(couleur)
Sable Clair,#e7d4b6,https://www.duluxvalentine.com/fr/couleurs
Sable Gris,#c9bfb5,https://www.duluxvalentine.com/fr/couleurs
Sable Naturel,#e1d5c6,https://www.duluxvalentine.com/fr/couleurs
Sable Rose,#f4bba9,https://www.deleze.name/marcel/photo/noms-couleurs/454-couleurs.php
Sable de Mer,#d2cabf,https://www.duluxvalentine.com/fr/couleurs
Sable du Désert,#e8d6c3,https://www.duluxvalentine.com/fr/couleurs
Safran,#f4c430,https://fr.wikipedia.org/wiki/Safran_(épice)#Coloration_et_parfumerie
Safre,#0232b5,https://fr.wiktionary.org/wiki/safre
Sahara,#eccc9e,https://www.deleze.name/marcel/photo/noms-couleurs/454-couleurs.php
Sang de Bœuf,#730800,https://fr.wikipedia.org/wiki/Sang_de_b%C5%93uf_(couleur)
Sanguine,#860707,https://fr.wiktionary.org/wiki/sanguine
Saphir,#0333b6,https://fr.wiktionary.org/wiki/saphir
Sarcelle,#018f8f,https://fr.wiktionary.org/wiki/sarcelle
Saule,#afb3a5,https://www.duluxvalentine.com/fr/couleurs
Saumon,#f88e55,https://fr.wikipedia.org/wiki/Saumon_(couleur)
Savane,#e5ce97,https://www.deleze.name/marcel/photo/noms-couleurs/454-couleurs.php
Seigle,#d8bc9a,https://www.deleze.name/marcel/photo/noms-couleurs/454-couleurs.php
Senois,#8d4024,https://fr.wiktionary.org/wiki/senois
Sinople,#149414,https://fr.wiktionary.org/wiki/sinople
Sisal,#967656,https://www.deleze.name/marcel/photo/noms-couleurs/454-couleurs.php
Smalt,#003399,https://fr.wikipedia.org/wiki/Smalt
Smaragdin,#02d859,https://fr.wikipedia.org/wiki/%C3%89meraude_(couleur)
Smoky,#4f5154,https://www.duluxvalentine.com/fr/couleurs
Soie Grège,#dfdad5,https://www.duluxvalentine.com/fr/couleurs
Soie Violette,#7f7685,https://www.duluxvalentine.com/fr/couleurs
Soleil Couchant,#ff7b4d,https://www.deleze.name/marcel/photo/noms-couleurs/454-couleurs.php
Solferino,#692d6c,https://www.papeteries-montsegur.com/
Sorbet Fraise,#ea8699,https://www.deleze.name/marcel/photo/noms-couleurs/454-couleurs.php
Soufre,#fcfc6e,https://fr.wikipedia.org/wiki/Soufre_(couleur)
Souris,#9f9f9f,https://fr.wiktionary.org/wiki/souris
Suédine Beige,#d8bcaa,https://www.duluxvalentine.com/fr/couleurs
Syrah,#442239,https://www.papeteries-montsegur.com/
Sépia,#702c14,https://fr.wikipedia.org/wiki/S%C3%A9pia
Tabac,#9f551e,https://fr.wikipedia.org/wiki/Tabac_(couleur)
Taffetas Cassis,#55424d,https://www.duluxvalentine.com/fr/couleurs
Tangerine,#ff7f00,https://fr.wikipedia.org/wiki/Mandarine_(couleur)
Tanné,#a75502,https://fr.wiktionary.org/wiki/tann%C3%A9
Taupe,#474033,https://fr.wiktionary.org/wiki/taupe
Taupe Clair,#a68881,https://www.deleze.name/marcel/photo/noms-couleurs/454-couleurs.php
Taupe Collector,#a09591,https://www.duluxvalentine.com/fr/couleurs
Taupe Foncé,#7d5d57,https://www.deleze.name/marcel/photo/noms-couleurs/454-couleurs.php
Taupe Intense,#9f9899,https://www.duluxvalentine.com/fr/couleurs
Teck,#492a13,https://www.deleze.name/marcel/photo/noms-couleurs/454-couleurs.php
Teddy,#cb9051,https://www.deleze.name/marcel/photo/noms-couleurs/454-couleurs.php
Tempête,#657f7f,https://www.deleze.name/marcel/photo/noms-couleurs/454-couleurs.php
Tendrement Vert,#dbe4ca,https://www.duluxvalentine.com/fr/couleurs
Terracotta,#8c5230,https://fr.wikipedia.org/wiki/Terracotta_(couleur)
Terrasses d'Orient Clair,#d6d5cb,https://www.duluxvalentine.com/fr/couleurs
Terrasses d'Orient Intense,#b8b192,https://www.duluxvalentine.com/fr/couleurs
Terrasses d'Orient Moyen,#cbc0a7,https://www.duluxvalentine.com/fr/couleurs
Terrasses d'Orient Pâle,#efedde,https://www.duluxvalentine.com/fr/couleurs
Terre Cendrée,#9e928d,https://www.duluxvalentine.com/fr/couleurs
Terre Cuite,#b86c51,https://www.duluxvalentine.com/fr/couleurs
Terre Cuite Rosé,#d98978,https://www.deleze.name/marcel/photo/noms-couleurs/454-couleurs.php
Terre Rose,#a14b51,https://www.deleze.name/marcel/photo/noms-couleurs/454-couleurs.php
Terre Sauvage,#b18d7a,https://www.duluxvalentine.com/fr/couleurs
Terre d'Argile,#9e8f7f,https://www.duluxvalentine.com/fr/couleurs
Terre d'Ocre,#a98204,https://www.deleze.name/marcel/photo/noms-couleurs/454-couleurs.php
Terre d'Ombre,#684c2d,https://fr.wikipedia.org/wiki/Terre_d%27ombre
Terre de Sienne,#8e5434,https://fr.wikipedia.org/wiki/Terre_de_Sienne
Terres d'Afrique Clair,#d9ccbc,https://www.duluxvalentine.com/fr/couleurs
Terres d'Afrique Intense,#a28d83,https://www.duluxvalentine.com/fr/couleurs
Terres d'Afrique Moyen,#c6b299,https://www.duluxvalentine.com/fr/couleurs
Terres d'Afrique Pastel,#e7e1d9,https://www.duluxvalentine.com/fr/couleurs
Terres d'Afrique Pâle,#efeee8,https://www.duluxvalentine.com/fr/couleurs
Thym Vert,#7bac94,https://www.deleze.name/marcel/photo/noms-couleurs/454-couleurs.php
Tisane Verte,#dbbe7f,https://www.deleze.name/marcel/photo/noms-couleurs/454-couleurs.php
Titane,#6a7382,https://www.duluxvalentine.com/fr/couleurs
Titanium,#9d9e9d,https://www.duluxvalentine.com/fr/couleurs
Tomate,#df2a17,https://fr.wiktionary.org/wiki/tomate
Tomette,#af4b35,https://fr.wikipedia.org/wiki/Tomette
Ton Bois,#6f3b33,https://www.duluxvalentine.com/fr/couleurs
Ton Pierre,#e6d7bd,https://www.duluxvalentine.com/fr/couleurs
Ton Pierre Naturelle,#e6d9c4,https://www.duluxvalentine.com/fr/couleurs
Topaze,#faea73,https://fr.wikipedia.org/wiki/Topaze_(couleur)
Topaze Verte,#cfbf3b,https://www.duluxvalentine.com/fr/couleurs
Tourterelle,#bbacac,https://fr.wikipedia.org/wiki/Tourterelle_(couleur)
Truffe Gourmande,#71554e,https://www.duluxvalentine.com/fr/couleurs
Tuile,#bc5544,https://www.deleze.name/marcel/photo/noms-couleurs/454-couleurs.php
Tulle Corail,#db8f6d,https://www.duluxvalentine.com/fr/couleurs
Turquoise,#26feea,https://fr.wiktionary.org/wiki/turquoise
Turquoise Intense,#136777,https://www.duluxvalentine.com/fr/couleurs
Ultra Rose,#d97a99,https://www.duluxvalentine.com/fr/couleurs
Vallée Verte,#3eb6a1,https://www.deleze.name/marcel/photo/noms-couleurs/454-couleurs.php
Vanille,#e1ce9a,https://fr.wiktionary.org/wiki/vanille
Vapeur,#d6dce0,https://www.duluxvalentine.com/fr/couleurs
Vent de Sable Orangé,#fad396,https://www.deleze.name/marcel/photo/noms-couleurs/454-couleurs.php
Vent du Désert,#d7c6b4,https://www.duluxvalentine.com/fr/couleurs
Ventre de Biche,#e9c9b1,https://fr.wiktionary.org/wiki/ventre_de_biche
Vermeil,#ff0921,https://fr.wikipedia.org/wiki/Vermeil_(couleur)
Vermillon,#e34234,https://fr.wikipedia.org/wiki/Vermillon
Verre Sénérité,#e1dac7,https://www.duluxvalentine.com/fr/couleurs
Vert,#00894d,https://influenz.design/mag/vert
Vert Absinthe,#80de4d,https://fr.wikipedia.org/wiki/Absinthe_(spiritueux)
Vert Acidulé,#3d9384,https://www.deleze.name/marcel/photo/noms-couleurs/454-couleurs.php
Vert Algue,#313919,https://www.deleze.name/marcel/photo/noms-couleurs/454-couleurs.php
Vert Amande,#83c56d,https://fr.wikipedia.org/wiki/Amande_(couleur)
Vert Amandier,#477759,https://www.deleze.name/marcel/photo/noms-couleurs/454-couleurs.php
Vert Anglais,#34a040,https://fr.wikipedia.org/wiki/Vert_anglais
Vert Anis,#a0e956,https://fr.wiktionary.org/w/index.php?title=vert_anis&action=edit&redlink=1
Vert Artichaut,#898a58,https://www.deleze.name/marcel/photo/noms-couleurs/454-couleurs.php
Vert Avocat,#578304,https://fr.wikipedia.org/wiki/Avocat_(couleur)
Vert Bambou,#006442,https://fr.wiktionary.org/w/index.php?title=vert_bambou&action=edit&redlink=1
Vert Basilic,#587141,https://www.deleze.name/marcel/photo/noms-couleurs/454-couleurs.php
Vert Basque,#194536,https://www.duluxvalentine.com/fr/couleurs
Vert Bouteille,#096a09,https://fr.wikipedia.org/wiki/Vert_bouteille
Vert Brin d'Herbe,#47a72f,https://www.deleze.name/marcel/photo/noms-couleurs/454-couleurs.php
Vert Bronze,#aa8f56,https://www.deleze.name/marcel/photo/noms-couleurs/454-couleurs.php
Vert Bronze Clair,#bd9b51,https://www.deleze.name/marcel/photo/noms-couleurs/454-couleurs.php
Vert Buis,#405230,https://www.deleze.name/marcel/photo/noms-couleurs/454-couleurs.php
Vert Buisson,#1f3e2a,https://www.duluxvalentine.com/fr/couleurs
Vert Cactus,#888d33,https://www.deleze.name/marcel/photo/noms-couleurs/454-couleurs.php
Vert Canard,#559392,https://www.deleze.name/marcel/photo/noms-couleurs/454-couleurs.php
Vert Cardamome,#ccb784,https://www.deleze.name/marcel/photo/noms-couleurs/454-couleurs.php
Vert Cendré,#889268,https://www.deleze.name/marcel/photo/noms-couleurs/454-couleurs.php
Vert Chartreuse,#c2f732,https://fr.wiktionary.org/wiki/vert_chartreuse
Vert Chinois,#347d75,https://www.deleze.name/marcel/photo/noms-couleurs/454-couleurs.php
Vert Chêne Liège,#8d784b,https://www.deleze.name/marcel/photo/noms-couleurs/454-couleurs.php
Vert Citron,#00ff00,https://fr.wikipedia.org/wiki/Lime_(couleur)
Vert Clair,#90c0b4,https://www.deleze.name/marcel/photo/noms-couleurs/454-couleurs.php
Vert Coeur de Laitue,#ccd9b1,https://www.deleze.name/marcel/photo/noms-couleurs/454-couleurs.php
Vert Criquet,#a7ae38,https://www.deleze.name/marcel/photo/noms-couleurs/454-couleurs.php
Vert Cyprès,#2c6a45,https://www.deleze.name/marcel/photo/noms-couleurs/454-couleurs.php
Vert Céladon,#83a697,https://fr.wikipedia.org/wiki/Vert_c%C3%A9ladon
Vert Céleri,#e4ecd4,https://www.deleze.name/marcel/photo/noms-couleurs/454-couleurs.php
Vert Doré,#bcb34c,https://www.deleze.name/marcel/photo/noms-couleurs/454-couleurs.php
Vert Doux,#cdd4ce,https://www.duluxvalentine.com/fr/couleurs
Vert Emeraude,#31725c,https://github.com/meodai/noms-de-couleur/#authors-@meodai
Vert Empire,#00561b,https://fr.wiktionary.org/wiki/vert_empire
Vert Epicéa,#508b7d,https://www.deleze.name/marcel/photo/noms-couleurs/454-couleurs.php
Vert Epinard,#175732,https://fr.wikipedia.org/wiki/Vert_%C3%A9pinard
Vert Estragon,#aebf79,https://www.deleze.name/marcel/photo/noms-couleurs/454-couleurs.php
Vert Etang,#396f52,https://www.deleze.name/marcel/photo/noms-couleurs/454-couleurs.php
Vert Eucalyptus,#4d8361,https://www.deleze.name/marcel/photo/noms-couleurs/454-couleurs.php
Vert Fenouil,#8da675,https://www.deleze.name/marcel/photo/noms-couleurs/454-couleurs.php
Vert Figuier,#5e6b47,https://www.deleze.name/marcel/photo/noms-couleurs/454-couleurs.php
Vert Fluorine,#d6e0a0,https://www.duluxvalentine.com/fr/couleurs
Vert Forêt,#293a35,https://www.duluxvalentine.com/fr/couleurs
Vert Forêt Noire,#174923,https://www.deleze.name/marcel/photo/noms-couleurs/454-couleurs.php
Vert Fougère,#69885a,https://www.deleze.name/marcel/photo/noms-couleurs/454-couleurs.php
Vert Frisson,#e0dd90,https://www.duluxvalentine.com/fr/couleurs
Vert Fruits Confits,#056517,https://www.deleze.name/marcel/photo/noms-couleurs/454-couleurs.php
Vert Galet,#c4cdac,https://www.deleze.name/marcel/photo/noms-couleurs/454-couleurs.php
Vert Gazon,#3a9d23,https://fr.wikipedia.org/wiki/Vert_prairie
Vert Glacier,#6fae9f,https://www.deleze.name/marcel/photo/noms-couleurs/454-couleurs.php
Vert Golf,#189065,https://www.deleze.name/marcel/photo/noms-couleurs/454-couleurs.php
Vert Herbe,#3b9e24,https://fr.wiktionary.org/w/index.php?title=vert_herbe&action=edit&redlink=1
Vert Herbes de Provence,#b89d64,https://www.deleze.name/marcel/photo/noms-couleurs/454-couleurs.php
Vert Impérial,#01571c,https://fr.wikipedia.org/wiki/Vert_imp%C3%A9rial
Vert Jade,#88ea91,https://fr.wiktionary.org/w/index.php?title=vert_jade&action=edit&redlink=1
Vert Kaki,#798933,https://fr.wiktionary.org/w/index.php?title=vert_kaki&action=edit&redlink=1
Vert Lichen,#85c17e,https://fr.wikipedia.org/wiki/Vert_lichen
Vert Lierre,#044d33,https://www.deleze.name/marcel/photo/noms-couleurs/454-couleurs.php
Vert Lime,#9efd38,https://fr.wikipedia.org/wiki/Lime_(couleur)
Vert Malachite,#20a156,https://fr.wikipedia.org/wiki/Malachite_(couleur)
Vert Malachite Clair,#a7cdaf,https://www.deleze.name/marcel/photo/noms-couleurs/454-couleurs.php
Vert Marin,#2a493f,https://www.duluxvalentine.com/fr/couleurs
Vert Menthe,#17b94f,https://fr.wikipedia.org/wiki/Menthe_(couleur)
Vert Menthe à l'Eau,#55fa8e,https://fr.wiktionary.org/w/index.php?title=vert_menthe_%C3%A0_l%E2%80%99eau&action=edit&redlink=1
Vert Militaire,#596643,https://fr.wikipedia.org/wiki/Kaki_(couleur)
Vert Mousse,#679f5a,https://fr.wikipedia.org/wiki/Vert_mousse
Vert Mousse Dorée,#72843c,https://www.deleze.name/marcel/photo/noms-couleurs/454-couleurs.php
Vert Mousse de Chêne,#4c5826,https://www.deleze.name/marcel/photo/noms-couleurs/454-couleurs.php
Vert Mélèze,#386f48,https://fr.wiktionary.org/w/index.php?title=vert_m%C3%A9l%C3%A8ze&action=edit&redlink=1
Vert Nil,#a6c298,https://www.deleze.name/marcel/photo/noms-couleurs/454-couleurs.php
Vert Noël,#156f49,https://www.deleze.name/marcel/photo/noms-couleurs/454-couleurs.php
Vert Olive,#718e24,https://fr.wikipedia.org/wiki/Olive_(couleur)
Vert Olivier,#5f6648,https://www.deleze.name/marcel/photo/noms-couleurs/454-couleurs.php
Vert Opaline,#97dfc6,https://fr.wiktionary.org/w/index.php?title=vert_opaline&action=edit&redlink=1
Vert Organdi,#d0c03c,https://www.duluxvalentine.com/fr/couleurs
Vert Patrick 2017,#2a3b36,https://www.duluxvalentine.com/fr/couleurs
Vert Pays Basque,#2b4a40,https://www.duluxvalentine.com/fr/couleurs
Vert Perroquet,#3af24b,https://fr.wikipedia.org/wiki/Vert_perroquet
Vert Perruche,#628a28,https://www.deleze.name/marcel/photo/noms-couleurs/454-couleurs.php
Vert Peuplier,#c4decc,https://www.deleze.name/marcel/photo/noms-couleurs/454-couleurs.php
Vert Pin,#01796f,https://fr.wikipedia.org/wiki/Vert_sapin
Vert Pinède,#338362,https://www.deleze.name/marcel/photo/noms-couleurs/454-couleurs.php
Vert Pistache,#bef574,https://fr.wikipedia.org/wiki/Pistache_(couleur)
Vert Poireau,#4da76c,https://fr.wikipedia.org/wiki/Vert_poireau
Vert Pomme,#34c924,https://fr.wikipedia.org/wiki/Vert_pomme
Vert Pousse de Bambou,#d7edcc,https://www.deleze.name/marcel/photo/noms-couleurs/454-couleurs.php
Vert Prairie,#57d53b,https://fr.wikipedia.org/wiki/Vert_prairie
Vert Prasin,#4ea86d,https://fr.wikipedia.org/wiki/Prasin
Vert Printemps,#00ff7f,https://fr.wikipedia.org/wiki/Vert_printemps
Vert Profond,#4e7b7a,https://www.duluxvalentine.com/fr/couleurs
Vert Provence,#8aa38b,https://www.duluxvalentine.com/fr/couleurs
Vert Prés,#58d63c,https://fr.wiktionary.org/w/index.php?title=vert_pr%C3%A9s&action=edit&redlink=1
Vert Pâle,#a2d6ad,https://www.deleze.name/marcel/photo/noms-couleurs/454-couleurs.php
Vert Rizière,#88ba91,https://www.deleze.name/marcel/photo/noms-couleurs/454-couleurs.php
Vert Romarin,#728256,https://www.deleze.name/marcel/photo/noms-couleurs/454-couleurs.php
Vert Résine,#b9b982,https://www.deleze.name/marcel/photo/noms-couleurs/454-couleurs.php
Vert Sapin,#095228,https://fr.wikipedia.org/wiki/Vert_sapin
Vert Sauge,#689d71,https://fr.wikipedia.org/wiki/Vert_sauge
Vert Saule,#c9d7c4,https://www.duluxvalentine.com/fr/couleurs
Vert Scarabée,#71935c,https://www.deleze.name/marcel/photo/noms-couleurs/454-couleurs.php
Vert Serpent,#65a57d,https://www.deleze.name/marcel/photo/noms-couleurs/454-couleurs.php
Vert Smaragdin,#03d95a,https://fr.wiktionary.org/w/index.php?title=vert_smaragdin&action=edit&redlink=1
Vert Sous-Bois,#424d21,https://www.deleze.name/marcel/photo/noms-couleurs/454-couleurs.php
Vert Steppe,#bfa671,https://www.deleze.name/marcel/photo/noms-couleurs/454-couleurs.php
Vert Tendre,#b9d7c0,https://www.deleze.name/marcel/photo/noms-couleurs/454-couleurs.php
Vert Tilleul,#a5d152,https://fr.wikipedia.org/wiki/Vert_tilleul
Vert Treillis,#969e7e,https://www.deleze.name/marcel/photo/noms-couleurs/454-couleurs.php
Vert Tropical,#57624d,https://www.duluxvalentine.com/fr/couleurs
Vert Turquoise,#1ffed8,https://fr.wiktionary.org/w/index.php?title=vert_turquoise&action=edit&redlink=1
Vert Tweed,#9ca482,https://www.deleze.name/marcel/photo/noms-couleurs/454-couleurs.php
Vert Véranda,#3a5f42,https://www.duluxvalentine.com/fr/couleurs
Vert Véronèse,#00a25d,https://fr.wikipedia.org/wiki/Vert_V%C3%A9ron%C3%A8se
Vert d'Eau,#b0f2b6,https://fr.wikipedia.org/wiki/Vert_d%27eau
Vert de Chrome,#18391e,https://fr.wikipedia.org/wiki/Vert_oxyde_de_chrome
Vert de Hooker,#1b4f08,https://fr.wikipedia.org/wiki/Vert_de_Hooker
Vert de Vessie,#22780f,https://fr.wikipedia.org/wiki/Vert_de_vessie
Vert du Marais,#a6a75d,https://www.deleze.name/marcel/photo/noms-couleurs/454-couleurs.php
Vert du Tyrol,#406a3a,https://www.deleze.name/marcel/photo/noms-couleurs/454-couleurs.php
Vert-de-gris,#95a595,https://fr.wikipedia.org/wiki/Vert-de-gris
Verveine,#738b5b,https://www.deleze.name/marcel/photo/noms-couleurs/454-couleurs.php
Verveine Rose,#e24874,https://www.deleze.name/marcel/photo/noms-couleurs/454-couleurs.php
Vieil or,#ce9124,https://www.deleze.name/marcel/photo/noms-couleurs/454-couleurs.php
Vieux Rose,#e2a099,https://www.deleze.name/marcel/photo/noms-couleurs/454-couleurs.php
Vin de Framboise,#c96b70,https://www.deleze.name/marcel/photo/noms-couleurs/454-couleurs.php
Violet,#7f00ff,https://influenz.design/mag/violet
Violet Foncé,#633666,https://www.deleze.name/marcel/photo/noms-couleurs/454-couleurs.php
Violet Minéral,#b8bcd4,https://www.duluxvalentine.com/fr/couleurs
Violet Pastel,#dbb3cb,https://www.deleze.name/marcel/photo/noms-couleurs/454-couleurs.php
Violet Persistant,#b793c4,https://www.duluxvalentine.com/fr/couleurs
Violet Pop,#605088,https://www.duluxvalentine.com/fr/couleurs
Violet Poudré,#b4aaae,https://www.duluxvalentine.com/fr/couleurs
Violet Pourpre,#946083,https://www.deleze.name/marcel/photo/noms-couleurs/454-couleurs.php
Violet d'Evêque,#723e64,https://fr.wikipedia.org/wiki/Violet_d%27évêque
Violet de Manganèse,#8a55a3,https://fr.wikipedia.org/wiki/Bleu_de_mangan%C3%A8se#Violet_de_Mangan%C3%A8se
Violette,#803a6b,https://www.deleze.name/marcel/photo/noms-couleurs/454-couleurs.php
Violine,#580688,https://fr.wikipedia.org/wiki/Violine
Viride,#40826d,https://fr.wikipedia.org/wiki/Viride
Vison,#653919,https://www.deleze.name/marcel/photo/noms-couleurs/454-couleurs.php
Voile Blanc,#f0eedf,https://www.duluxvalentine.com/fr/couleurs
Voile de Brume,#e1e7ea,https://www.duluxvalentine.com/fr/couleurs
Wengé,#604f47,https://www.duluxvalentine.com/fr/couleurs
Zen,#a19692,https://www.duluxvalentine.com/fr/couleurs
Zeste Vert,#e9ead9,https://www.duluxvalentine.com/fr/couleurs
Zeste d'Orange,#f3951b,https://www.duluxvalentine.com/fr/couleurs
Zinc Bleu,#457697,https://www.duluxvalentine.com/fr/couleurs
Zinzolin,#6c0277,https://fr.wikipedia.org/wiki/Zinzolin
Zéphir d'Ivoire,#efe7d2,https://www.duluxvalentine.com/fr/couleurs